"parameter","mean","sd","pt","group","model"
"alpha",0.091,0.069,2,"All","eRL"
"cs",0.101,0.071,2,"All","eRL"
"E0",0.083,0.057,2,"All","eRL"
"eta",0.003,0.003,2,"All","eRL"
"gam",0.036,0.033,2,"All","eRL"
"alpha",0.082,0.047,3,"All","eRL"
"cs",0.127,0.069,3,"All","eRL"
"E0",0.079,0.031,3,"All","eRL"
"eta",0.003,0.002,3,"All","eRL"
"gam",0.043,0.033,3,"All","eRL"
"alpha",0.105,0.045,4,"All","eRL"
"cs",0.121,0.046,4,"All","eRL"
"E0",0.084,0.031,4,"All","eRL"
"eta",0.004,0.003,4,"All","eRL"
"gam",0.047,0.027,4,"All","eRL"
"alpha",0.105,0.038,5,"All","eRL"
"cs",0.125,0.046,5,"All","eRL"
"E0",0.089,0.029,5,"All","eRL"
"eta",0.004,0.003,5,"All","eRL"
"gam",0.044,0.023,5,"All","eRL"
"alpha",0.109,0.035,6,"All","eRL"
"cs",0.129,0.041,6,"All","eRL"
"E0",0.087,0.027,6,"All","eRL"
"eta",0.004,0.002,6,"All","eRL"
"gam",0.045,0.021,6,"All","eRL"
"alpha",0.107,0.031,7,"All","eRL"
"cs",0.127,0.037,7,"All","eRL"
"E0",0.091,0.024,7,"All","eRL"
"eta",0.004,0.002,7,"All","eRL"
"gam",0.047,0.019,7,"All","eRL"
"alpha",0.108,0.029,8,"All","eRL"
"cs",0.126,0.035,8,"All","eRL"
"E0",0.089,0.023,8,"All","eRL"
"eta",0.004,0.002,8,"All","eRL"
"gam",0.046,0.018,8,"All","eRL"
"alpha",0.11,0.027,9,"All","eRL"
"cs",0.133,0.032,9,"All","eRL"
"E0",0.09,0.022,9,"All","eRL"
"eta",0.004,0.002,9,"All","eRL"
"gam",0.047,0.017,9,"All","eRL"
"alpha",0.111,0.026,10,"All","eRL"
"cs",0.127,0.029,10,"All","eRL"
"E0",0.091,0.02,10,"All","eRL"
"eta",0.004,0.002,10,"All","eRL"
"gam",0.046,0.016,10,"All","eRL"
"alpha",0.113,0.025,11,"All","eRL"
"cs",0.13,0.03,11,"All","eRL"
"E0",0.093,0.019,11,"All","eRL"
"eta",0.004,0.002,11,"All","eRL"
"gam",0.045,0.015,11,"All","eRL"
"alpha",0.111,0.023,12,"All","eRL"
"cs",0.128,0.026,12,"All","eRL"
"E0",0.092,0.017,12,"All","eRL"
"eta",0.004,0.002,12,"All","eRL"
"gam",0.046,0.014,12,"All","eRL"
"alpha",0.112,0.022,13,"All","eRL"
"cs",0.128,0.025,13,"All","eRL"
"E0",0.093,0.016,13,"All","eRL"
"eta",0.005,0.002,13,"All","eRL"
"gam",0.048,0.013,13,"All","eRL"
"alpha",0.106,0.021,14,"All","eRL"
"cs",0.126,0.024,14,"All","eRL"
"E0",0.091,0.016,14,"All","eRL"
"eta",0.005,0.002,14,"All","eRL"
"gam",0.046,0.012,14,"All","eRL"
"alpha",0.112,0.018,15,"All","eRL"
"cs",0.127,0.023,15,"All","eRL"
"E0",0.093,0.015,15,"All","eRL"
"eta",0.004,0.001,15,"All","eRL"
"gam",0.047,0.013,15,"All","eRL"
"alpha",0.112,0.019,16,"All","eRL"
"cs",0.13,0.023,16,"All","eRL"
"E0",0.091,0.015,16,"All","eRL"
"eta",0.005,0.001,16,"All","eRL"
"gam",0.049,0.013,16,"All","eRL"
"alpha",0.109,0.018,17,"All","eRL"
"cs",0.133,0.02,17,"All","eRL"
"E0",0.089,0.016,17,"All","eRL"
"eta",0.005,0.001,17,"All","eRL"
"gam",0.051,0.014,17,"All","eRL"
"alpha",0.109,0.019,18,"All","eRL"
"cs",0.13,0.021,18,"All","eRL"
"E0",0.093,0.014,18,"All","eRL"
"eta",0.004,0.001,18,"All","eRL"
"gam",0.048,0.012,18,"All","eRL"
"alpha",0.114,0.017,19,"All","eRL"
"cs",0.128,0.02,19,"All","eRL"
"E0",0.094,0.013,19,"All","eRL"
"eta",0.005,0.001,19,"All","eRL"
"gam",0.049,0.012,19,"All","eRL"
"alpha",0.112,0.016,20,"All","eRL"
"cs",0.13,0.019,20,"All","eRL"
"E0",0.092,0.011,20,"All","eRL"
"eta",0.005,0.001,20,"All","eRL"
"gam",0.048,0.011,20,"All","eRL"
"alpha",0.11,0.016,21,"All","eRL"
"cs",0.13,0.015,21,"All","eRL"
"E0",0.093,0.012,21,"All","eRL"
"eta",0.004,0.001,21,"All","eRL"
"gam",0.051,0.011,21,"All","eRL"
"alpha",0.11,0.013,22,"All","eRL"
"cs",0.128,0.017,22,"All","eRL"
"E0",0.09,0.011,22,"All","eRL"
"eta",0.005,0.001,22,"All","eRL"
"gam",0.05,0.01,22,"All","eRL"
"alpha",0.113,0.019,23,"All","eRL"
"cs",0.123,0.013,23,"All","eRL"
"E0",0.083,0.008,23,"All","eRL"
"eta",0.005,0.001,23,"All","eRL"
"gam",0.05,0.005,23,"All","eRL"
"alpha",0.113,0.014,24,"All","eRL"
"cs",0.129,0.017,24,"All","eRL"
"E0",0.092,0.011,24,"All","eRL"
"eta",0.005,0.001,24,"All","eRL"
"gam",0.049,0.009,24,"All","eRL"
"alpha",0.112,0.014,25,"All","eRL"
"cs",0.13,0.017,25,"All","eRL"
"E0",0.093,0.011,25,"All","eRL"
"eta",0.005,0.001,25,"All","eRL"
"gam",0.048,0.01,25,"All","eRL"
"alpha",0.112,0.015,26,"All","eRL"
"cs",0.132,0.017,26,"All","eRL"
"E0",0.092,0.011,26,"All","eRL"
"eta",0.005,0.001,26,"All","eRL"
"gam",0.048,0.009,26,"All","eRL"
"alpha",0.11,0.013,27,"All","eRL"
"cs",0.131,0.016,27,"All","eRL"
"E0",0.091,0.011,27,"All","eRL"
"eta",0.005,0.001,27,"All","eRL"
"gam",0.048,0.01,27,"All","eRL"
"alpha",0.111,0.013,28,"All","eRL"
"cs",0.13,0.016,28,"All","eRL"
"E0",0.093,0.01,28,"All","eRL"
"eta",0.005,0.001,28,"All","eRL"
"gam",0.048,0.009,28,"All","eRL"
"alpha",0.112,0.013,29,"All","eRL"
"cs",0.13,0.015,29,"All","eRL"
"E0",0.092,0.01,29,"All","eRL"
"eta",0.005,0.001,29,"All","eRL"
"gam",0.049,0.008,29,"All","eRL"
"alpha",0.111,0.011,30,"All","eRL"
"cs",0.128,0.015,30,"All","eRL"
"E0",0.091,0.009,30,"All","eRL"
"eta",0.005,0.001,30,"All","eRL"
"gam",0.046,0.009,30,"All","eRL"
"alpha",0.113,0.012,31,"All","eRL"
"cs",0.13,0.014,31,"All","eRL"
"E0",0.092,0.009,31,"All","eRL"
"eta",0.005,0.001,31,"All","eRL"
"gam",0.048,0.008,31,"All","eRL"
"alpha",0.113,0.011,32,"All","eRL"
"cs",0.13,0.014,32,"All","eRL"
"E0",0.092,0.009,32,"All","eRL"
"eta",0.005,0.001,32,"All","eRL"
"gam",0.049,0.008,32,"All","eRL"
"alpha",0.113,0.012,33,"All","eRL"
"cs",0.13,0.014,33,"All","eRL"
"E0",0.093,0.009,33,"All","eRL"
"eta",0.005,0.001,33,"All","eRL"
"gam",0.049,0.008,33,"All","eRL"
"alpha",0.11,0.011,34,"All","eRL"
"cs",0.129,0.013,34,"All","eRL"
"E0",0.094,0.008,34,"All","eRL"
"eta",0.005,0.001,34,"All","eRL"
"gam",0.048,0.007,34,"All","eRL"
"alpha",0.113,0.011,35,"All","eRL"
"cs",0.128,0.012,35,"All","eRL"
"E0",0.092,0.008,35,"All","eRL"
"eta",0.005,0.001,35,"All","eRL"
"gam",0.049,0.009,35,"All","eRL"
"alpha",0.114,0.011,36,"All","eRL"
"cs",0.131,0.013,36,"All","eRL"
"E0",0.093,0.008,36,"All","eRL"
"eta",0.005,0.001,36,"All","eRL"
"gam",0.049,0.008,36,"All","eRL"
"alpha",0.113,0.011,37,"All","eRL"
"cs",0.129,0.013,37,"All","eRL"
"E0",0.092,0.008,37,"All","eRL"
"eta",0.005,0.001,37,"All","eRL"
"gam",0.049,0.007,37,"All","eRL"
"alpha",0.113,0.011,38,"All","eRL"
"cs",0.129,0.012,38,"All","eRL"
"E0",0.093,0.008,38,"All","eRL"
"eta",0.005,0.001,38,"All","eRL"
"gam",0.049,0.008,38,"All","eRL"
"alpha",0.113,0.01,39,"All","eRL"
"cs",0.13,0.011,39,"All","eRL"
"E0",0.093,0.008,39,"All","eRL"
"eta",0.005,0.001,39,"All","eRL"
"gam",0.049,0.007,39,"All","eRL"
"alpha",0.112,0.011,40,"All","eRL"
"cs",0.131,0.012,40,"All","eRL"
"E0",0.092,0.008,40,"All","eRL"
"eta",0.005,0.001,40,"All","eRL"
"gam",0.049,0.007,40,"All","eRL"
"alpha",0.112,0.01,41,"All","eRL"
"cs",0.13,0.012,41,"All","eRL"
"E0",0.092,0.006,41,"All","eRL"
"eta",0.005,0.001,41,"All","eRL"
"gam",0.048,0.007,41,"All","eRL"
"alpha",0.113,0.01,42,"All","eRL"
"cs",0.13,0.011,42,"All","eRL"
"E0",0.093,0.007,42,"All","eRL"
"eta",0.005,0.001,42,"All","eRL"
"gam",0.049,0.007,42,"All","eRL"
"alpha",0.112,0.009,43,"All","eRL"
"cs",0.13,0.012,43,"All","eRL"
"E0",0.093,0.008,43,"All","eRL"
"eta",0.005,0.001,43,"All","eRL"
"gam",0.049,0.007,43,"All","eRL"
"alpha",0.113,0.009,44,"All","eRL"
"cs",0.131,0.011,44,"All","eRL"
"E0",0.093,0.007,44,"All","eRL"
"eta",0.005,0.001,44,"All","eRL"
"gam",0.048,0.006,44,"All","eRL"
"alpha",0.113,0.009,45,"All","eRL"
"cs",0.131,0.011,45,"All","eRL"
"E0",0.093,0.007,45,"All","eRL"
"eta",0.005,0.001,45,"All","eRL"
"gam",0.049,0.006,45,"All","eRL"
"alpha",0.11,0.008,46,"All","eRL"
"cs",0.131,0.011,46,"All","eRL"
"E0",0.093,0.007,46,"All","eRL"
"eta",0.005,0.001,46,"All","eRL"
"gam",0.049,0.007,46,"All","eRL"
"alpha",0.113,0.008,47,"All","eRL"
"cs",0.131,0.011,47,"All","eRL"
"E0",0.093,0.007,47,"All","eRL"
"eta",0.005,0.001,47,"All","eRL"
"gam",0.049,0.006,47,"All","eRL"
"alpha",0.113,0.009,48,"All","eRL"
"cs",0.13,0.011,48,"All","eRL"
"E0",0.093,0.007,48,"All","eRL"
"eta",0.005,0.001,48,"All","eRL"
"gam",0.049,0.006,48,"All","eRL"
"alpha",0.113,0.007,49,"All","eRL"
"cs",0.129,0.01,49,"All","eRL"
"E0",0.09,0.007,49,"All","eRL"
"eta",0.005,0.001,49,"All","eRL"
"gam",0.049,0.006,49,"All","eRL"
"alpha",0.114,0.009,50,"All","eRL"
"cs",0.13,0.009,50,"All","eRL"
"E0",0.092,0.007,50,"All","eRL"
"eta",0.005,0.001,50,"All","eRL"
"gam",0.051,0.005,50,"All","eRL"
"alpha",0.113,0.007,51,"All","eRL"
"cs",0.131,0.009,51,"All","eRL"
"E0",0.092,0.006,51,"All","eRL"
"eta",0.005,0.001,51,"All","eRL"
"gam",0.049,0.005,51,"All","eRL"
"alpha",0.111,0.008,52,"All","eRL"
"cs",0.132,0.01,52,"All","eRL"
"E0",0.093,0.007,52,"All","eRL"
"eta",0.005,0.001,52,"All","eRL"
"gam",0.049,0.006,52,"All","eRL"
"alpha",0.112,0.008,53,"All","eRL"
"cs",0.132,0.009,53,"All","eRL"
"E0",0.093,0.006,53,"All","eRL"
"eta",0.005,0.001,53,"All","eRL"
"gam",0.05,0.005,53,"All","eRL"
"alpha",0.113,0.008,54,"All","eRL"
"cs",0.131,0.009,54,"All","eRL"
"E0",0.093,0.006,54,"All","eRL"
"eta",0.005,0.001,54,"All","eRL"
"gam",0.049,0.005,54,"All","eRL"
"alpha",0.112,0.007,55,"All","eRL"
"cs",0.131,0.009,55,"All","eRL"
"E0",0.093,0.006,55,"All","eRL"
"eta",0.005,0.001,55,"All","eRL"
"gam",0.049,0.005,55,"All","eRL"
"alpha",0.112,0.007,56,"All","eRL"
"cs",0.132,0.008,56,"All","eRL"
"E0",0.093,0.006,56,"All","eRL"
"eta",0.005,0.001,56,"All","eRL"
"gam",0.049,0.006,56,"All","eRL"
"alpha",0.112,0.007,57,"All","eRL"
"cs",0.131,0.008,57,"All","eRL"
"E0",0.093,0.006,57,"All","eRL"
"eta",0.005,0.001,57,"All","eRL"
"gam",0.049,0.005,57,"All","eRL"
"alpha",0.112,0.007,58,"All","eRL"
"cs",0.131,0.008,58,"All","eRL"
"E0",0.093,0.005,58,"All","eRL"
"eta",0.005,0.001,58,"All","eRL"
"gam",0.049,0.005,58,"All","eRL"
"alpha",0.113,0.007,59,"All","eRL"
"cs",0.131,0.008,59,"All","eRL"
"E0",0.093,0.006,59,"All","eRL"
"eta",0.005,0.001,59,"All","eRL"
"gam",0.049,0.005,59,"All","eRL"
"alpha",0.113,0.006,60,"All","eRL"
"cs",0.129,0.009,60,"All","eRL"
"E0",0.092,0.006,60,"All","eRL"
"eta",0.005,0.001,60,"All","eRL"
"gam",0.049,0.005,60,"All","eRL"
"alpha",0.112,0.007,61,"All","eRL"
"cs",0.131,0.008,61,"All","eRL"
"E0",0.093,0.006,61,"All","eRL"
"eta",0.005,0.001,61,"All","eRL"
"gam",0.049,0.005,61,"All","eRL"
"alpha",0.114,0.006,62,"All","eRL"
"cs",0.13,0.007,62,"All","eRL"
"E0",0.092,0.005,62,"All","eRL"
"eta",0.005,0.001,62,"All","eRL"
"gam",0.048,0.005,62,"All","eRL"
"alpha",0.113,0.007,63,"All","eRL"
"cs",0.13,0.008,63,"All","eRL"
"E0",0.092,0.005,63,"All","eRL"
"eta",0.005,0.001,63,"All","eRL"
"gam",0.049,0.005,63,"All","eRL"
"alpha",0.112,0.006,64,"All","eRL"
"cs",0.131,0.008,64,"All","eRL"
"E0",0.093,0.005,64,"All","eRL"
"eta",0.005,0.001,64,"All","eRL"
"gam",0.049,0.004,64,"All","eRL"
"alpha",0.112,0.006,65,"All","eRL"
"cs",0.131,0.008,65,"All","eRL"
"E0",0.093,0.005,65,"All","eRL"
"eta",0.005,0,65,"All","eRL"
"gam",0.049,0.004,65,"All","eRL"
"alpha",0.113,0.006,66,"All","eRL"
"cs",0.13,0.008,66,"All","eRL"
"E0",0.093,0.005,66,"All","eRL"
"eta",0.005,0.001,66,"All","eRL"
"gam",0.05,0.004,66,"All","eRL"
"alpha",0.105,0.003,67,"All","eRL"
"cs",0.126,0.003,67,"All","eRL"
"E0",0.091,0.004,67,"All","eRL"
"eta",0.005,0,67,"All","eRL"
"gam",0.051,0.004,67,"All","eRL"
"alpha",0.112,0.006,68,"All","eRL"
"cs",0.131,0.007,68,"All","eRL"
"E0",0.093,0.005,68,"All","eRL"
"eta",0.005,0,68,"All","eRL"
"gam",0.049,0.004,68,"All","eRL"
"alpha",0.113,0.006,69,"All","eRL"
"cs",0.131,0.007,69,"All","eRL"
"E0",0.092,0.005,69,"All","eRL"
"eta",0.005,0,69,"All","eRL"
"gam",0.049,0.004,69,"All","eRL"
"alpha",0.113,0.004,70,"All","eRL"
"cs",0.129,0.006,70,"All","eRL"
"E0",0.093,0.004,70,"All","eRL"
"eta",0.005,0.001,70,"All","eRL"
"gam",0.05,0.004,70,"All","eRL"
"alpha",0.111,0.006,71,"All","eRL"
"cs",0.133,0.007,71,"All","eRL"
"E0",0.095,0.006,71,"All","eRL"
"eta",0.005,0,71,"All","eRL"
"gam",0.05,0.002,71,"All","eRL"
"alpha",0.112,0.005,72,"All","eRL"
"cs",0.131,0.007,72,"All","eRL"
"E0",0.093,0.004,72,"All","eRL"
"eta",0.005,0,72,"All","eRL"
"gam",0.049,0.004,72,"All","eRL"
"alpha",0.113,0.005,73,"All","eRL"
"cs",0.131,0.006,73,"All","eRL"
"E0",0.093,0.004,73,"All","eRL"
"eta",0.005,0,73,"All","eRL"
"gam",0.048,0.004,73,"All","eRL"
"alpha",0.113,0.005,74,"All","eRL"
"cs",0.132,0.008,74,"All","eRL"
"E0",0.093,0.004,74,"All","eRL"
"eta",0.005,0,74,"All","eRL"
"gam",0.049,0.004,74,"All","eRL"
"alpha",0.113,0.006,75,"All","eRL"
"cs",0.131,0.007,75,"All","eRL"
"E0",0.092,0.004,75,"All","eRL"
"eta",0.005,0,75,"All","eRL"
"gam",0.049,0.003,75,"All","eRL"
"alpha",0.113,0.005,76,"All","eRL"
"cs",0.131,0.006,76,"All","eRL"
"E0",0.093,0.004,76,"All","eRL"
"eta",0.005,0,76,"All","eRL"
"gam",0.049,0.003,76,"All","eRL"
"alpha",0.113,0.005,77,"All","eRL"
"cs",0.13,0.007,77,"All","eRL"
"E0",0.093,0.003,77,"All","eRL"
"eta",0.005,0,77,"All","eRL"
"gam",0.049,0.003,77,"All","eRL"
"alpha",0.113,0.005,78,"All","eRL"
"cs",0.131,0.006,78,"All","eRL"
"E0",0.093,0.004,78,"All","eRL"
"eta",0.005,0,78,"All","eRL"
"gam",0.049,0.003,78,"All","eRL"
"alpha",0.113,0.005,79,"All","eRL"
"cs",0.131,0.006,79,"All","eRL"
"E0",0.093,0.003,79,"All","eRL"
"eta",0.005,0,79,"All","eRL"
"gam",0.049,0.004,79,"All","eRL"
"alpha",0.113,0.005,80,"All","eRL"
"cs",0.131,0.006,80,"All","eRL"
"E0",0.093,0.004,80,"All","eRL"
"eta",0.005,0,80,"All","eRL"
"gam",0.049,0.003,80,"All","eRL"
"alpha",0.113,0.004,81,"All","eRL"
"cs",0.131,0.005,81,"All","eRL"
"E0",0.093,0.003,81,"All","eRL"
"eta",0.005,0,81,"All","eRL"
"gam",0.05,0.003,81,"All","eRL"
"alpha",0.113,0.004,82,"All","eRL"
"cs",0.131,0.005,82,"All","eRL"
"E0",0.093,0.003,82,"All","eRL"
"eta",0.005,0,82,"All","eRL"
"gam",0.049,0.003,82,"All","eRL"
"alpha",0.113,0.004,83,"All","eRL"
"cs",0.131,0.005,83,"All","eRL"
"E0",0.093,0.003,83,"All","eRL"
"eta",0.005,0,83,"All","eRL"
"gam",0.049,0.003,83,"All","eRL"
"alpha",0.113,0.004,84,"All","eRL"
"cs",0.131,0.005,84,"All","eRL"
"E0",0.093,0.003,84,"All","eRL"
"eta",0.005,0,84,"All","eRL"
"gam",0.049,0.003,84,"All","eRL"
"alpha",0.112,0.004,85,"All","eRL"
"cs",0.131,0.005,85,"All","eRL"
"E0",0.093,0.003,85,"All","eRL"
"eta",0.005,0,85,"All","eRL"
"gam",0.049,0.003,85,"All","eRL"
"alpha",0.112,0.004,86,"All","eRL"
"cs",0.131,0.005,86,"All","eRL"
"E0",0.093,0.003,86,"All","eRL"
"eta",0.005,0,86,"All","eRL"
"gam",0.049,0.003,86,"All","eRL"
"alpha",0.113,0.004,87,"All","eRL"
"cs",0.131,0.004,87,"All","eRL"
"E0",0.093,0.003,87,"All","eRL"
"eta",0.005,0,87,"All","eRL"
"gam",0.049,0.003,87,"All","eRL"
"alpha",0.112,0.004,88,"All","eRL"
"cs",0.131,0.005,88,"All","eRL"
"E0",0.093,0.003,88,"All","eRL"
"eta",0.005,0,88,"All","eRL"
"gam",0.05,0.002,88,"All","eRL"
"alpha",0.115,0.003,89,"All","eRL"
"cs",0.13,0.003,89,"All","eRL"
"E0",0.094,0.002,89,"All","eRL"
"eta",0.005,0,89,"All","eRL"
"gam",0.051,0.002,89,"All","eRL"
"alpha",0.112,0.004,90,"All","eRL"
"cs",0.131,0.004,90,"All","eRL"
"E0",0.093,0.003,90,"All","eRL"
"eta",0.005,0,90,"All","eRL"
"gam",0.049,0.002,90,"All","eRL"
"alpha",0.113,0.003,91,"All","eRL"
"cs",0.131,0.004,91,"All","eRL"
"E0",0.093,0.003,91,"All","eRL"
"eta",0.005,0,91,"All","eRL"
"gam",0.049,0.003,91,"All","eRL"
"alpha",0.113,0.003,92,"All","eRL"
"cs",0.131,0.004,92,"All","eRL"
"E0",0.093,0.003,92,"All","eRL"
"eta",0.005,0,92,"All","eRL"
"gam",0.05,0.002,92,"All","eRL"
"alpha",0.113,0.003,93,"All","eRL"
"cs",0.131,0.004,93,"All","eRL"
"E0",0.093,0.003,93,"All","eRL"
"eta",0.005,0,93,"All","eRL"
"gam",0.049,0.002,93,"All","eRL"
"alpha",0.113,0.003,94,"All","eRL"
"cs",0.131,0.004,94,"All","eRL"
"E0",0.093,0.002,94,"All","eRL"
"eta",0.005,0,94,"All","eRL"
"gam",0.049,0.002,94,"All","eRL"
"alpha",0.113,0.003,95,"All","eRL"
"cs",0.131,0.003,95,"All","eRL"
"E0",0.093,0.002,95,"All","eRL"
"eta",0.005,0,95,"All","eRL"
"gam",0.05,0.002,95,"All","eRL"
"alpha",0.113,0.003,96,"All","eRL"
"cs",0.131,0.003,96,"All","eRL"
"E0",0.093,0.002,96,"All","eRL"
"eta",0.005,0,96,"All","eRL"
"gam",0.049,0.002,96,"All","eRL"
"alpha",0.113,0.003,97,"All","eRL"
"cs",0.131,0.003,97,"All","eRL"
"E0",0.093,0.002,97,"All","eRL"
"eta",0.005,0,97,"All","eRL"
"gam",0.049,0.002,97,"All","eRL"
"alpha",0.113,0.003,98,"All","eRL"
"cs",0.131,0.003,98,"All","eRL"
"E0",0.093,0.002,98,"All","eRL"
"eta",0.005,0,98,"All","eRL"
"gam",0.05,0.002,98,"All","eRL"
"alpha",0.113,0.002,99,"All","eRL"
"cs",0.131,0.003,99,"All","eRL"
"E0",0.093,0.002,99,"All","eRL"
"eta",0.005,0,99,"All","eRL"
"gam",0.049,0.002,99,"All","eRL"
"alpha",0.113,0.002,100,"All","eRL"
"cs",0.131,0.003,100,"All","eRL"
"E0",0.093,0.002,100,"All","eRL"
"eta",0.005,0,100,"All","eRL"
"gam",0.049,0.002,100,"All","eRL"
"alpha",0.113,0.002,101,"All","eRL"
"cs",0.131,0.002,101,"All","eRL"
"E0",0.093,0.002,101,"All","eRL"
"eta",0.005,0,101,"All","eRL"
"gam",0.049,0.002,101,"All","eRL"
"alpha",0.113,0.002,102,"All","eRL"
"cs",0.131,0.002,102,"All","eRL"
"E0",0.093,0.001,102,"All","eRL"
"eta",0.005,0,102,"All","eRL"
"gam",0.049,0.001,102,"All","eRL"
"alpha",0.113,0.002,103,"All","eRL"
"cs",0.131,0.002,103,"All","eRL"
"E0",0.093,0.001,103,"All","eRL"
"eta",0.005,0,103,"All","eRL"
"gam",0.049,0.001,103,"All","eRL"
"alpha",0.113,0.002,104,"All","eRL"
"cs",0.131,0.002,104,"All","eRL"
"E0",0.093,0.001,104,"All","eRL"
"eta",0.005,0,104,"All","eRL"
"gam",0.049,0.001,104,"All","eRL"
"alpha",0.113,0.001,105,"All","eRL"
"cs",0.131,0.002,105,"All","eRL"
"E0",0.093,0.001,105,"All","eRL"
"eta",0.005,0,105,"All","eRL"
"gam",0.049,0.001,105,"All","eRL"
"alpha",0.113,0.001,106,"All","eRL"
"cs",0.131,0.002,106,"All","eRL"
"E0",0.093,0.001,106,"All","eRL"
"eta",0.005,0,106,"All","eRL"
"gam",0.049,0.001,106,"All","eRL"
"alpha",0.113,0.001,107,"All","eRL"
"cs",0.131,0.001,107,"All","eRL"
"E0",0.093,0.001,107,"All","eRL"
"eta",0.005,0,107,"All","eRL"
"gam",0.049,0.001,107,"All","eRL"
"alpha",0.113,0.001,108,"All","eRL"
"cs",0.131,0.001,108,"All","eRL"
"E0",0.093,0,108,"All","eRL"
"eta",0.005,0,108,"All","eRL"
"gam",0.049,0.001,108,"All","eRL"
"alpha",0.113,0,109,"All","eRL"
"cs",0.131,0,109,"All","eRL"
"E0",0.093,0,109,"All","eRL"
"eta",0.005,0,109,"All","eRL"
"gam",0.049,0,109,"All","eRL"
"alpha",0.059,0.052,2,"All","RL"
"cs",0.109,0.082,2,"All","RL"
"E0",0.079,0.063,2,"All","RL"
"eta",0.003,0.003,2,"All","RL"
"alpha",0.066,0.043,3,"All","RL"
"cs",0.123,0.06,3,"All","RL"
"E0",0.097,0.057,3,"All","RL"
"eta",0.003,0.002,3,"All","RL"
"alpha",0.074,0.042,4,"All","RL"
"cs",0.127,0.059,4,"All","RL"
"E0",0.099,0.042,4,"All","RL"
"eta",0.004,0.002,4,"All","RL"
"alpha",0.071,0.032,5,"All","RL"
"cs",0.121,0.046,5,"All","RL"
"E0",0.101,0.038,5,"All","RL"
"eta",0.004,0.002,5,"All","RL"
"alpha",0.073,0.032,6,"All","RL"
"cs",0.129,0.044,6,"All","RL"
"E0",0.104,0.037,6,"All","RL"
"eta",0.004,0.002,6,"All","RL"
"alpha",0.077,0.03,7,"All","RL"
"cs",0.128,0.038,7,"All","RL"
"E0",0.103,0.033,7,"All","RL"
"eta",0.004,0.001,7,"All","RL"
"alpha",0.076,0.027,8,"All","RL"
"cs",0.128,0.038,8,"All","RL"
"E0",0.102,0.029,8,"All","RL"
"eta",0.004,0.001,8,"All","RL"
"alpha",0.076,0.026,9,"All","RL"
"cs",0.13,0.035,9,"All","RL"
"E0",0.101,0.027,9,"All","RL"
"eta",0.004,0.001,9,"All","RL"
"alpha",0.077,0.024,10,"All","RL"
"cs",0.127,0.034,10,"All","RL"
"E0",0.102,0.027,10,"All","RL"
"eta",0.004,0.001,10,"All","RL"
"alpha",0.076,0.023,11,"All","RL"
"cs",0.13,0.032,11,"All","RL"
"E0",0.105,0.026,11,"All","RL"
"eta",0.004,0.001,11,"All","RL"
"alpha",0.074,0.021,12,"All","RL"
"cs",0.128,0.031,12,"All","RL"
"E0",0.105,0.026,12,"All","RL"
"eta",0.004,0.001,12,"All","RL"
"alpha",0.076,0.023,13,"All","RL"
"cs",0.135,0.031,13,"All","RL"
"E0",0.104,0.022,13,"All","RL"
"eta",0.004,0.001,13,"All","RL"
"alpha",0.078,0.021,14,"All","RL"
"cs",0.131,0.026,14,"All","RL"
"E0",0.104,0.021,14,"All","RL"
"eta",0.004,0.001,14,"All","RL"
"alpha",0.081,0.018,15,"All","RL"
"cs",0.138,0.026,15,"All","RL"
"E0",0.098,0.024,15,"All","RL"
"eta",0.004,0.001,15,"All","RL"
"alpha",0.08,0.019,16,"All","RL"
"cs",0.132,0.024,16,"All","RL"
"E0",0.104,0.02,16,"All","RL"
"eta",0.004,0.001,16,"All","RL"
"alpha",0.083,0.019,17,"All","RL"
"cs",0.133,0.025,17,"All","RL"
"E0",0.101,0.022,17,"All","RL"
"eta",0.004,0.001,17,"All","RL"
"alpha",0.078,0.019,18,"All","RL"
"cs",0.129,0.023,18,"All","RL"
"E0",0.103,0.019,18,"All","RL"
"eta",0.004,0.001,18,"All","RL"
"alpha",0.077,0.017,19,"All","RL"
"cs",0.131,0.023,19,"All","RL"
"E0",0.106,0.02,19,"All","RL"
"eta",0.004,0.001,19,"All","RL"
"alpha",0.078,0.016,20,"All","RL"
"cs",0.132,0.023,20,"All","RL"
"E0",0.106,0.017,20,"All","RL"
"eta",0.004,0.001,20,"All","RL"
"alpha",0.078,0.016,21,"All","RL"
"cs",0.131,0.022,21,"All","RL"
"E0",0.106,0.017,21,"All","RL"
"eta",0.004,0.001,21,"All","RL"
"alpha",0.078,0.016,22,"All","RL"
"cs",0.133,0.021,22,"All","RL"
"E0",0.107,0.015,22,"All","RL"
"eta",0.004,0.001,22,"All","RL"
"alpha",0.079,0.015,23,"All","RL"
"cs",0.133,0.021,23,"All","RL"
"E0",0.107,0.016,23,"All","RL"
"eta",0.004,0.001,23,"All","RL"
"alpha",0.078,0.015,24,"All","RL"
"cs",0.131,0.022,24,"All","RL"
"E0",0.106,0.016,24,"All","RL"
"eta",0.004,0.001,24,"All","RL"
"alpha",0.08,0.015,25,"All","RL"
"cs",0.13,0.02,25,"All","RL"
"E0",0.105,0.015,25,"All","RL"
"eta",0.004,0.001,25,"All","RL"
"alpha",0.079,0.013,26,"All","RL"
"cs",0.133,0.017,26,"All","RL"
"E0",0.106,0.015,26,"All","RL"
"eta",0.004,0.001,26,"All","RL"
"alpha",0.079,0.014,27,"All","RL"
"cs",0.134,0.017,27,"All","RL"
"E0",0.107,0.014,27,"All","RL"
"eta",0.004,0.001,27,"All","RL"
"alpha",0.079,0.014,28,"All","RL"
"cs",0.13,0.017,28,"All","RL"
"E0",0.106,0.015,28,"All","RL"
"eta",0.004,0.001,28,"All","RL"
"alpha",0.08,0.013,29,"All","RL"
"cs",0.134,0.017,29,"All","RL"
"E0",0.107,0.012,29,"All","RL"
"eta",0.004,0.001,29,"All","RL"
"alpha",0.078,0.013,30,"All","RL"
"cs",0.135,0.018,30,"All","RL"
"E0",0.109,0.01,30,"All","RL"
"eta",0.004,0.001,30,"All","RL"
"alpha",0.08,0.012,31,"All","RL"
"cs",0.134,0.017,31,"All","RL"
"E0",0.108,0.013,31,"All","RL"
"eta",0.004,0.001,31,"All","RL"
"alpha",0.078,0.013,32,"All","RL"
"cs",0.135,0.015,32,"All","RL"
"E0",0.107,0.012,32,"All","RL"
"eta",0.004,0,32,"All","RL"
"alpha",0.082,0.012,33,"All","RL"
"cs",0.133,0.016,33,"All","RL"
"E0",0.107,0.013,33,"All","RL"
"eta",0.004,0.001,33,"All","RL"
"alpha",0.08,0.012,34,"All","RL"
"cs",0.131,0.016,34,"All","RL"
"E0",0.109,0.009,34,"All","RL"
"eta",0.004,0,34,"All","RL"
"alpha",0.081,0.012,35,"All","RL"
"cs",0.133,0.016,35,"All","RL"
"E0",0.105,0.013,35,"All","RL"
"eta",0.004,0.001,35,"All","RL"
"alpha",0.08,0.012,36,"All","RL"
"cs",0.131,0.015,36,"All","RL"
"E0",0.106,0.012,36,"All","RL"
"eta",0.004,0.001,36,"All","RL"
"alpha",0.08,0.011,37,"All","RL"
"cs",0.133,0.015,37,"All","RL"
"E0",0.107,0.011,37,"All","RL"
"eta",0.004,0,37,"All","RL"
"alpha",0.08,0.011,38,"All","RL"
"cs",0.132,0.015,38,"All","RL"
"E0",0.106,0.011,38,"All","RL"
"eta",0.004,0,38,"All","RL"
"alpha",0.081,0.011,39,"All","RL"
"cs",0.134,0.014,39,"All","RL"
"E0",0.108,0.012,39,"All","RL"
"eta",0.004,0,39,"All","RL"
"alpha",0.08,0.011,40,"All","RL"
"cs",0.133,0.013,40,"All","RL"
"E0",0.108,0.01,40,"All","RL"
"eta",0.004,0.001,40,"All","RL"
"alpha",0.08,0.01,41,"All","RL"
"cs",0.132,0.014,41,"All","RL"
"E0",0.105,0.011,41,"All","RL"
"eta",0.004,0.001,41,"All","RL"
"alpha",0.08,0.01,42,"All","RL"
"cs",0.132,0.013,42,"All","RL"
"E0",0.107,0.011,42,"All","RL"
"eta",0.004,0,42,"All","RL"
"alpha",0.079,0.009,43,"All","RL"
"cs",0.134,0.013,43,"All","RL"
"E0",0.107,0.009,43,"All","RL"
"eta",0.004,0,43,"All","RL"
"alpha",0.08,0.01,44,"All","RL"
"cs",0.132,0.012,44,"All","RL"
"E0",0.106,0.01,44,"All","RL"
"eta",0.004,0,44,"All","RL"
"alpha",0.08,0.01,45,"All","RL"
"cs",0.133,0.013,45,"All","RL"
"E0",0.106,0.01,45,"All","RL"
"eta",0.004,0,45,"All","RL"
"alpha",0.081,0.009,46,"All","RL"
"cs",0.132,0.012,46,"All","RL"
"E0",0.106,0.011,46,"All","RL"
"eta",0.004,0,46,"All","RL"
"alpha",0.079,0.009,47,"All","RL"
"cs",0.133,0.012,47,"All","RL"
"E0",0.108,0.009,47,"All","RL"
"eta",0.004,0,47,"All","RL"
"alpha",0.081,0.01,48,"All","RL"
"cs",0.133,0.012,48,"All","RL"
"E0",0.106,0.009,48,"All","RL"
"eta",0.004,0,48,"All","RL"
"alpha",0.08,0.009,49,"All","RL"
"cs",0.133,0.011,49,"All","RL"
"E0",0.107,0.009,49,"All","RL"
"eta",0.004,0,49,"All","RL"
"alpha",0.08,0.009,50,"All","RL"
"cs",0.132,0.012,50,"All","RL"
"E0",0.107,0.009,50,"All","RL"
"eta",0.004,0,50,"All","RL"
"alpha",0.08,0.009,51,"All","RL"
"cs",0.133,0.011,51,"All","RL"
"E0",0.106,0.009,51,"All","RL"
"eta",0.004,0,51,"All","RL"
"alpha",0.08,0.009,52,"All","RL"
"cs",0.132,0.011,52,"All","RL"
"E0",0.108,0.009,52,"All","RL"
"eta",0.004,0,52,"All","RL"
"alpha",0.081,0.008,53,"All","RL"
"cs",0.133,0.01,53,"All","RL"
"E0",0.107,0.009,53,"All","RL"
"eta",0.004,0,53,"All","RL"
"alpha",0.08,0.007,54,"All","RL"
"cs",0.132,0.012,54,"All","RL"
"E0",0.108,0.009,54,"All","RL"
"eta",0.004,0,54,"All","RL"
"alpha",0.08,0.008,55,"All","RL"
"cs",0.132,0.011,55,"All","RL"
"E0",0.107,0.008,55,"All","RL"
"eta",0.004,0,55,"All","RL"
"alpha",0.08,0.008,56,"All","RL"
"cs",0.134,0.01,56,"All","RL"
"E0",0.107,0.008,56,"All","RL"
"eta",0.004,0,56,"All","RL"
"alpha",0.081,0.008,57,"All","RL"
"cs",0.133,0.01,57,"All","RL"
"E0",0.107,0.008,57,"All","RL"
"eta",0.004,0,57,"All","RL"
"alpha",0.08,0.008,58,"All","RL"
"cs",0.133,0.01,58,"All","RL"
"E0",0.107,0.007,58,"All","RL"
"eta",0.004,0,58,"All","RL"
"alpha",0.08,0.008,59,"All","RL"
"cs",0.133,0.01,59,"All","RL"
"E0",0.107,0.008,59,"All","RL"
"eta",0.004,0,59,"All","RL"
"alpha",0.08,0.008,60,"All","RL"
"cs",0.134,0.01,60,"All","RL"
"E0",0.107,0.008,60,"All","RL"
"eta",0.004,0,60,"All","RL"
"alpha",0.08,0.008,61,"All","RL"
"cs",0.133,0.009,61,"All","RL"
"E0",0.107,0.007,61,"All","RL"
"eta",0.004,0,61,"All","RL"
"alpha",0.08,0.007,62,"All","RL"
"cs",0.133,0.009,62,"All","RL"
"E0",0.107,0.008,62,"All","RL"
"eta",0.004,0,62,"All","RL"
"alpha",0.08,0.007,63,"All","RL"
"cs",0.132,0.009,63,"All","RL"
"E0",0.106,0.008,63,"All","RL"
"eta",0.004,0,63,"All","RL"
"alpha",0.081,0.007,64,"All","RL"
"cs",0.133,0.009,64,"All","RL"
"E0",0.107,0.007,64,"All","RL"
"eta",0.004,0,64,"All","RL"
"alpha",0.08,0.006,65,"All","RL"
"cs",0.133,0.008,65,"All","RL"
"E0",0.107,0.007,65,"All","RL"
"eta",0.004,0,65,"All","RL"
"alpha",0.082,0.006,66,"All","RL"
"cs",0.133,0.007,66,"All","RL"
"E0",0.107,0.007,66,"All","RL"
"eta",0.004,0,66,"All","RL"
"alpha",0.08,0.006,67,"All","RL"
"cs",0.133,0.008,67,"All","RL"
"E0",0.107,0.006,67,"All","RL"
"eta",0.004,0,67,"All","RL"
"alpha",0.081,0.006,68,"All","RL"
"cs",0.133,0.009,68,"All","RL"
"E0",0.107,0.005,68,"All","RL"
"eta",0.004,0,68,"All","RL"
"alpha",0.081,0.006,69,"All","RL"
"cs",0.133,0.008,69,"All","RL"
"E0",0.107,0.006,69,"All","RL"
"eta",0.004,0,69,"All","RL"
"alpha",0.081,0.007,70,"All","RL"
"cs",0.133,0.008,70,"All","RL"
"E0",0.108,0.006,70,"All","RL"
"eta",0.004,0,70,"All","RL"
"alpha",0.08,0.006,71,"All","RL"
"cs",0.133,0.007,71,"All","RL"
"E0",0.106,0.006,71,"All","RL"
"eta",0.004,0,71,"All","RL"
"alpha",0.08,0.005,72,"All","RL"
"cs",0.134,0.008,72,"All","RL"
"E0",0.106,0.006,72,"All","RL"
"eta",0.004,0,72,"All","RL"
"alpha",0.081,0.006,73,"All","RL"
"cs",0.133,0.007,73,"All","RL"
"E0",0.108,0.006,73,"All","RL"
"eta",0.004,0,73,"All","RL"
"alpha",0.081,0.006,74,"All","RL"
"cs",0.133,0.007,74,"All","RL"
"E0",0.107,0.006,74,"All","RL"
"eta",0.004,0,74,"All","RL"
"alpha",0.08,0.006,75,"All","RL"
"cs",0.133,0.007,75,"All","RL"
"E0",0.107,0.006,75,"All","RL"
"eta",0.004,0,75,"All","RL"
"alpha",0.08,0.006,76,"All","RL"
"cs",0.133,0.008,76,"All","RL"
"E0",0.107,0.006,76,"All","RL"
"eta",0.004,0,76,"All","RL"
"alpha",0.08,0.005,77,"All","RL"
"cs",0.133,0.007,77,"All","RL"
"E0",0.107,0.005,77,"All","RL"
"eta",0.004,0,77,"All","RL"
"alpha",0.078,0.006,78,"All","RL"
"cs",0.133,0.007,78,"All","RL"
"E0",0.107,0.006,78,"All","RL"
"eta",0.004,0,78,"All","RL"
"alpha",0.08,0.005,79,"All","RL"
"cs",0.134,0.007,79,"All","RL"
"E0",0.107,0.005,79,"All","RL"
"eta",0.004,0,79,"All","RL"
"alpha",0.08,0.004,80,"All","RL"
"cs",0.134,0.006,80,"All","RL"
"E0",0.108,0.005,80,"All","RL"
"eta",0.004,0,80,"All","RL"
"alpha",0.081,0.005,81,"All","RL"
"cs",0.134,0.006,81,"All","RL"
"E0",0.107,0.005,81,"All","RL"
"eta",0.004,0,81,"All","RL"
"alpha",0.081,0.005,82,"All","RL"
"cs",0.133,0.006,82,"All","RL"
"E0",0.107,0.005,82,"All","RL"
"eta",0.004,0,82,"All","RL"
"alpha",0.081,0.005,83,"All","RL"
"cs",0.134,0.006,83,"All","RL"
"E0",0.107,0.005,83,"All","RL"
"eta",0.004,0,83,"All","RL"
"alpha",0.08,0.005,84,"All","RL"
"cs",0.133,0.006,84,"All","RL"
"E0",0.107,0.005,84,"All","RL"
"eta",0.004,0,84,"All","RL"
"alpha",0.081,0.004,85,"All","RL"
"cs",0.134,0.006,85,"All","RL"
"E0",0.107,0.005,85,"All","RL"
"eta",0.004,0,85,"All","RL"
"alpha",0.08,0.004,86,"All","RL"
"cs",0.133,0.005,86,"All","RL"
"E0",0.107,0.004,86,"All","RL"
"eta",0.004,0,86,"All","RL"
"alpha",0.081,0.004,87,"All","RL"
"cs",0.134,0.005,87,"All","RL"
"E0",0.108,0.004,87,"All","RL"
"eta",0.004,0,87,"All","RL"
"alpha",0.081,0.004,88,"All","RL"
"cs",0.133,0.005,88,"All","RL"
"E0",0.107,0.004,88,"All","RL"
"eta",0.004,0,88,"All","RL"
"alpha",0.081,0.004,89,"All","RL"
"cs",0.133,0.005,89,"All","RL"
"E0",0.107,0.004,89,"All","RL"
"eta",0.004,0,89,"All","RL"
"alpha",0.081,0.004,90,"All","RL"
"cs",0.134,0.004,90,"All","RL"
"E0",0.107,0.004,90,"All","RL"
"eta",0.004,0,90,"All","RL"
"alpha",0.081,0.004,91,"All","RL"
"cs",0.134,0.004,91,"All","RL"
"E0",0.107,0.004,91,"All","RL"
"eta",0.004,0,91,"All","RL"
"alpha",0.081,0.003,92,"All","RL"
"cs",0.133,0.005,92,"All","RL"
"E0",0.107,0.004,92,"All","RL"
"eta",0.004,0,92,"All","RL"
"alpha",0.081,0.003,93,"All","RL"
"cs",0.133,0.005,93,"All","RL"
"E0",0.107,0.003,93,"All","RL"
"eta",0.004,0,93,"All","RL"
"alpha",0.08,0.003,94,"All","RL"
"cs",0.132,0.005,94,"All","RL"
"E0",0.107,0.003,94,"All","RL"
"eta",0.004,0,94,"All","RL"
"alpha",0.081,0.003,95,"All","RL"
"cs",0.133,0.004,95,"All","RL"
"E0",0.107,0.003,95,"All","RL"
"eta",0.004,0,95,"All","RL"
"alpha",0.079,0.004,96,"All","RL"
"cs",0.133,0.005,96,"All","RL"
"E0",0.107,0.003,96,"All","RL"
"eta",0.004,0,96,"All","RL"
"alpha",0.08,0.003,97,"All","RL"
"cs",0.134,0.004,97,"All","RL"
"E0",0.107,0.003,97,"All","RL"
"eta",0.004,0,97,"All","RL"
"alpha",0.081,0.003,98,"All","RL"
"cs",0.133,0.004,98,"All","RL"
"E0",0.107,0.003,98,"All","RL"
"eta",0.004,0,98,"All","RL"
"alpha",0.08,0.003,99,"All","RL"
"cs",0.133,0.003,99,"All","RL"
"E0",0.107,0.003,99,"All","RL"
"eta",0.004,0,99,"All","RL"
"alpha",0.081,0.002,100,"All","RL"
"cs",0.133,0.004,100,"All","RL"
"E0",0.107,0.003,100,"All","RL"
"eta",0.004,0,100,"All","RL"
"alpha",0.081,0.002,101,"All","RL"
"cs",0.133,0.003,101,"All","RL"
"E0",0.107,0.002,101,"All","RL"
"eta",0.004,0,101,"All","RL"
"alpha",0.081,0.002,102,"All","RL"
"cs",0.133,0.003,102,"All","RL"
"E0",0.107,0.002,102,"All","RL"
"eta",0.004,0,102,"All","RL"
"alpha",0.081,0.002,103,"All","RL"
"cs",0.133,0.003,103,"All","RL"
"E0",0.107,0.002,103,"All","RL"
"eta",0.004,0,103,"All","RL"
"alpha",0.081,0.002,104,"All","RL"
"cs",0.134,0.002,104,"All","RL"
"E0",0.107,0.002,104,"All","RL"
"eta",0.004,0,104,"All","RL"
"alpha",0.08,0.002,105,"All","RL"
"cs",0.133,0.003,105,"All","RL"
"E0",0.107,0.002,105,"All","RL"
"eta",0.004,0,105,"All","RL"
"alpha",0.081,0.001,106,"All","RL"
"cs",0.133,0.002,106,"All","RL"
"E0",0.107,0.002,106,"All","RL"
"eta",0.004,0,106,"All","RL"
"alpha",0.081,0.001,107,"All","RL"
"cs",0.133,0.002,107,"All","RL"
"E0",0.107,0.002,107,"All","RL"
"eta",0.004,0,107,"All","RL"
"alpha",0.081,0.001,108,"All","RL"
"cs",0.134,0.001,108,"All","RL"
"E0",0.107,0.001,108,"All","RL"
"eta",0.004,0,108,"All","RL"
"alpha",0.081,0.001,109,"All","RL"
"cs",0.133,0.001,109,"All","RL"
"E0",0.107,0.001,109,"All","RL"
"eta",0.004,0,109,"All","RL"
"alpha",0.081,0,110,"All","RL"
"cs",0.133,0,110,"All","RL"
"E0",0.107,0,110,"All","RL"
"eta",0.004,0,110,"All","RL"
"cs",0.099,0.07,2,"All","eKF"
"E0",0.058,0.083,2,"All","eKF"
"eps",0.074,0.066,2,"All","eKF"
"eta",0.07,0.049,2,"All","eKF"
"psi",0.103,0.082,2,"All","eKF"
"w0",0.134,0.109,2,"All","eKF"
"xi",0.006,0.041,2,"All","eKF"
"cs",0.107,0.057,3,"All","eKF"
"E0",0.07,0.083,3,"All","eKF"
"eps",0.085,0.049,3,"All","eKF"
"eta",0.079,0.04,3,"All","eKF"
"psi",0.113,0.062,3,"All","eKF"
"w0",0.151,0.091,3,"All","eKF"
"xi",0.017,0.074,3,"All","eKF"
"cs",0.113,0.046,4,"All","eKF"
"E0",0.076,0.089,4,"All","eKF"
"eps",0.085,0.042,4,"All","eKF"
"eta",0.085,0.033,4,"All","eKF"
"psi",0.12,0.052,4,"All","eKF"
"w0",0.161,0.082,4,"All","eKF"
"xi",0.02,0.075,4,"All","eKF"
"cs",0.116,0.04,5,"All","eKF"
"E0",0.079,0.088,5,"All","eKF"
"eps",0.089,0.04,5,"All","eKF"
"eta",0.085,0.028,5,"All","eKF"
"psi",0.124,0.05,5,"All","eKF"
"w0",0.155,0.07,5,"All","eKF"
"xi",0.021,0.074,5,"All","eKF"
"cs",0.114,0.034,6,"All","eKF"
"E0",0.09,0.102,6,"All","eKF"
"eps",0.093,0.038,6,"All","eKF"
"eta",0.085,0.026,6,"All","eKF"
"psi",0.121,0.043,6,"All","eKF"
"w0",0.17,0.063,6,"All","eKF"
"xi",0.021,0.069,6,"All","eKF"
"cs",0.12,0.031,7,"All","eKF"
"E0",0.07,0.057,7,"All","eKF"
"eps",0.094,0.035,7,"All","eKF"
"eta",0.088,0.023,7,"All","eKF"
"psi",0.122,0.038,7,"All","eKF"
"w0",0.178,0.065,7,"All","eKF"
"xi",0.024,0.071,7,"All","eKF"
"cs",0.116,0.032,8,"All","eKF"
"E0",0.085,0.08,8,"All","eKF"
"eps",0.094,0.032,8,"All","eKF"
"eta",0.087,0.021,8,"All","eKF"
"psi",0.126,0.035,8,"All","eKF"
"w0",0.17,0.057,8,"All","eKF"
"xi",0.026,0.072,8,"All","eKF"
"cs",0.123,0.026,9,"All","eKF"
"E0",0.061,0.028,9,"All","eKF"
"eps",0.093,0.031,9,"All","eKF"
"eta",0.088,0.016,9,"All","eKF"
"psi",0.113,0.03,9,"All","eKF"
"w0",0.166,0.043,9,"All","eKF"
"xi",0.029,0.076,9,"All","eKF"
"cs",0.12,0.026,10,"All","eKF"
"E0",0.09,0.083,10,"All","eKF"
"eps",0.092,0.027,10,"All","eKF"
"eta",0.088,0.019,10,"All","eKF"
"psi",0.125,0.031,10,"All","eKF"
"w0",0.172,0.052,10,"All","eKF"
"xi",0.032,0.076,10,"All","eKF"
"cs",0.118,0.024,11,"All","eKF"
"E0",0.089,0.074,11,"All","eKF"
"eps",0.095,0.027,11,"All","eKF"
"eta",0.088,0.017,11,"All","eKF"
"psi",0.131,0.029,11,"All","eKF"
"w0",0.168,0.049,11,"All","eKF"
"xi",0.03,0.071,11,"All","eKF"
"cs",0.122,0.023,12,"All","eKF"
"E0",0.084,0.066,12,"All","eKF"
"eps",0.094,0.026,12,"All","eKF"
"eta",0.086,0.017,12,"All","eKF"
"psi",0.125,0.029,12,"All","eKF"
"w0",0.163,0.043,12,"All","eKF"
"xi",0.026,0.064,12,"All","eKF"
"cs",0.121,0.023,13,"All","eKF"
"E0",0.095,0.08,13,"All","eKF"
"eps",0.097,0.024,13,"All","eKF"
"eta",0.089,0.015,13,"All","eKF"
"psi",0.126,0.027,13,"All","eKF"
"w0",0.175,0.044,13,"All","eKF"
"xi",0.028,0.065,13,"All","eKF"
"cs",0.122,0.021,14,"All","eKF"
"E0",0.089,0.072,14,"All","eKF"
"eps",0.1,0.022,14,"All","eKF"
"eta",0.089,0.014,14,"All","eKF"
"psi",0.127,0.025,14,"All","eKF"
"w0",0.17,0.042,14,"All","eKF"
"xi",0.036,0.072,14,"All","eKF"
"cs",0.123,0.02,15,"All","eKF"
"E0",0.095,0.073,15,"All","eKF"
"eps",0.098,0.024,15,"All","eKF"
"eta",0.088,0.013,15,"All","eKF"
"psi",0.128,0.025,15,"All","eKF"
"w0",0.177,0.042,15,"All","eKF"
"xi",0.032,0.067,15,"All","eKF"
"cs",0.117,0.02,16,"All","eKF"
"E0",0.083,0.059,16,"All","eKF"
"eps",0.101,0.024,16,"All","eKF"
"eta",0.09,0.013,16,"All","eKF"
"psi",0.126,0.022,16,"All","eKF"
"w0",0.174,0.04,16,"All","eKF"
"xi",0.048,0.078,16,"All","eKF"
"cs",0.124,0.018,17,"All","eKF"
"E0",0.098,0.071,17,"All","eKF"
"eps",0.097,0.022,17,"All","eKF"
"eta",0.088,0.014,17,"All","eKF"
"psi",0.13,0.021,17,"All","eKF"
"w0",0.17,0.034,17,"All","eKF"
"xi",0.037,0.069,17,"All","eKF"
"cs",0.123,0.02,18,"All","eKF"
"E0",0.091,0.064,18,"All","eKF"
"eps",0.094,0.02,18,"All","eKF"
"eta",0.09,0.012,18,"All","eKF"
"psi",0.129,0.022,18,"All","eKF"
"w0",0.178,0.038,18,"All","eKF"
"xi",0.033,0.065,18,"All","eKF"
"cs",0.122,0.018,19,"All","eKF"
"E0",0.097,0.068,19,"All","eKF"
"eps",0.098,0.019,19,"All","eKF"
"eta",0.089,0.012,19,"All","eKF"
"psi",0.127,0.022,19,"All","eKF"
"w0",0.172,0.038,19,"All","eKF"
"xi",0.032,0.062,19,"All","eKF"
"cs",0.123,0.018,20,"All","eKF"
"E0",0.093,0.065,20,"All","eKF"
"eps",0.1,0.019,20,"All","eKF"
"eta",0.091,0.011,20,"All","eKF"
"psi",0.13,0.021,20,"All","eKF"
"w0",0.177,0.037,20,"All","eKF"
"xi",0.036,0.064,20,"All","eKF"
"cs",0.122,0.016,21,"All","eKF"
"E0",0.096,0.066,21,"All","eKF"
"eps",0.097,0.019,21,"All","eKF"
"eta",0.089,0.011,21,"All","eKF"
"psi",0.128,0.021,21,"All","eKF"
"w0",0.177,0.034,21,"All","eKF"
"xi",0.041,0.067,21,"All","eKF"
"cs",0.122,0.018,22,"All","eKF"
"E0",0.093,0.061,22,"All","eKF"
"eps",0.098,0.017,22,"All","eKF"
"eta",0.089,0.011,22,"All","eKF"
"psi",0.128,0.02,22,"All","eKF"
"w0",0.175,0.032,22,"All","eKF"
"xi",0.044,0.068,22,"All","eKF"
"cs",0.123,0.016,23,"All","eKF"
"E0",0.099,0.065,23,"All","eKF"
"eps",0.098,0.018,23,"All","eKF"
"eta",0.089,0.011,23,"All","eKF"
"psi",0.128,0.02,23,"All","eKF"
"w0",0.174,0.033,23,"All","eKF"
"xi",0.035,0.061,23,"All","eKF"
"cs",0.118,0.016,24,"All","eKF"
"E0",0.107,0.069,24,"All","eKF"
"eps",0.098,0.016,24,"All","eKF"
"eta",0.09,0.01,24,"All","eKF"
"psi",0.132,0.023,24,"All","eKF"
"w0",0.18,0.034,24,"All","eKF"
"xi",0.024,0.05,24,"All","eKF"
"cs",0.122,0.015,25,"All","eKF"
"E0",0.095,0.059,25,"All","eKF"
"eps",0.099,0.017,25,"All","eKF"
"eta",0.089,0.009,25,"All","eKF"
"psi",0.129,0.018,25,"All","eKF"
"w0",0.174,0.029,25,"All","eKF"
"xi",0.036,0.06,25,"All","eKF"
"cs",0.121,0.015,26,"All","eKF"
"E0",0.103,0.063,26,"All","eKF"
"eps",0.098,0.016,26,"All","eKF"
"eta",0.09,0.009,26,"All","eKF"
"psi",0.13,0.019,26,"All","eKF"
"w0",0.18,0.029,26,"All","eKF"
"xi",0.043,0.063,26,"All","eKF"
"cs",0.121,0.014,27,"All","eKF"
"E0",0.096,0.06,27,"All","eKF"
"eps",0.099,0.016,27,"All","eKF"
"eta",0.089,0.01,27,"All","eKF"
"psi",0.129,0.019,27,"All","eKF"
"w0",0.177,0.028,27,"All","eKF"
"xi",0.044,0.063,27,"All","eKF"
"cs",0.122,0.014,28,"All","eKF"
"E0",0.101,0.059,28,"All","eKF"
"eps",0.102,0.015,28,"All","eKF"
"eta",0.089,0.01,28,"All","eKF"
"psi",0.128,0.015,28,"All","eKF"
"w0",0.177,0.028,28,"All","eKF"
"xi",0.043,0.062,28,"All","eKF"
"cs",0.124,0.009,29,"All","eKF"
"E0",0.149,0.06,29,"All","eKF"
"eps",0.088,0.015,29,"All","eKF"
"eta",0.089,0.007,29,"All","eKF"
"psi",0.135,0.014,29,"All","eKF"
"w0",0.162,0.026,29,"All","eKF"
"xi",0.026,0.049,29,"All","eKF"
"cs",0.122,0.013,30,"All","eKF"
"E0",0.108,0.06,30,"All","eKF"
"eps",0.098,0.015,30,"All","eKF"
"eta",0.089,0.009,30,"All","eKF"
"psi",0.13,0.017,30,"All","eKF"
"w0",0.176,0.025,30,"All","eKF"
"xi",0.04,0.059,30,"All","eKF"
"cs",0.122,0.012,31,"All","eKF"
"E0",0.1,0.057,31,"All","eKF"
"eps",0.098,0.014,31,"All","eKF"
"eta",0.09,0.009,31,"All","eKF"
"psi",0.13,0.015,31,"All","eKF"
"w0",0.178,0.026,31,"All","eKF"
"xi",0.045,0.061,31,"All","eKF"
"cs",0.121,0.012,32,"All","eKF"
"E0",0.111,0.059,32,"All","eKF"
"eps",0.099,0.014,32,"All","eKF"
"eta",0.091,0.008,32,"All","eKF"
"psi",0.13,0.017,32,"All","eKF"
"w0",0.178,0.025,32,"All","eKF"
"xi",0.045,0.06,32,"All","eKF"
"cs",0.123,0.012,33,"All","eKF"
"E0",0.084,0.047,33,"All","eKF"
"eps",0.101,0.008,33,"All","eKF"
"eta",0.087,0.007,33,"All","eKF"
"psi",0.132,0.016,33,"All","eKF"
"w0",0.175,0.024,33,"All","eKF"
"xi",0.047,0.06,33,"All","eKF"
"cs",0.123,0.012,34,"All","eKF"
"E0",0.106,0.056,34,"All","eKF"
"eps",0.099,0.013,34,"All","eKF"
"eta",0.09,0.008,34,"All","eKF"
"psi",0.129,0.015,34,"All","eKF"
"w0",0.178,0.024,34,"All","eKF"
"xi",0.048,0.06,34,"All","eKF"
"cs",0.121,0.012,35,"All","eKF"
"E0",0.102,0.054,35,"All","eKF"
"eps",0.099,0.014,35,"All","eKF"
"eta",0.09,0.007,35,"All","eKF"
"psi",0.129,0.014,35,"All","eKF"
"w0",0.178,0.024,35,"All","eKF"
"xi",0.05,0.06,35,"All","eKF"
"cs",0.124,0.011,36,"All","eKF"
"E0",0.104,0.053,36,"All","eKF"
"eps",0.1,0.012,36,"All","eKF"
"eta",0.089,0.007,36,"All","eKF"
"psi",0.129,0.014,36,"All","eKF"
"w0",0.177,0.024,36,"All","eKF"
"xi",0.043,0.056,36,"All","eKF"
"cs",0.123,0.012,37,"All","eKF"
"E0",0.102,0.053,37,"All","eKF"
"eps",0.099,0.013,37,"All","eKF"
"eta",0.089,0.008,37,"All","eKF"
"psi",0.128,0.016,37,"All","eKF"
"w0",0.179,0.022,37,"All","eKF"
"xi",0.048,0.057,37,"All","eKF"
"cs",0.125,0.011,38,"All","eKF"
"E0",0.094,0.047,38,"All","eKF"
"eps",0.099,0.011,38,"All","eKF"
"eta",0.089,0.008,38,"All","eKF"
"psi",0.129,0.013,38,"All","eKF"
"w0",0.178,0.021,38,"All","eKF"
"xi",0.047,0.057,38,"All","eKF"
"cs",0.122,0.011,39,"All","eKF"
"E0",0.106,0.052,39,"All","eKF"
"eps",0.099,0.012,39,"All","eKF"
"eta",0.09,0.007,39,"All","eKF"
"psi",0.129,0.014,39,"All","eKF"
"w0",0.177,0.022,39,"All","eKF"
"xi",0.05,0.057,39,"All","eKF"
"cs",0.122,0.01,40,"All","eKF"
"E0",0.108,0.052,40,"All","eKF"
"eps",0.099,0.012,40,"All","eKF"
"eta",0.089,0.007,40,"All","eKF"
"psi",0.13,0.013,40,"All","eKF"
"w0",0.179,0.021,40,"All","eKF"
"xi",0.051,0.056,40,"All","eKF"
"cs",0.122,0.01,41,"All","eKF"
"E0",0.109,0.051,41,"All","eKF"
"eps",0.099,0.012,41,"All","eKF"
"eta",0.089,0.007,41,"All","eKF"
"psi",0.13,0.012,41,"All","eKF"
"w0",0.178,0.021,41,"All","eKF"
"xi",0.052,0.056,41,"All","eKF"
"cs",0.123,0.01,42,"All","eKF"
"E0",0.107,0.05,42,"All","eKF"
"eps",0.099,0.012,42,"All","eKF"
"eta",0.09,0.006,42,"All","eKF"
"psi",0.129,0.012,42,"All","eKF"
"w0",0.177,0.021,42,"All","eKF"
"xi",0.053,0.056,42,"All","eKF"
"cs",0.123,0.01,43,"All","eKF"
"E0",0.104,0.049,43,"All","eKF"
"eps",0.098,0.011,43,"All","eKF"
"eta",0.09,0.006,43,"All","eKF"
"psi",0.129,0.012,43,"All","eKF"
"w0",0.178,0.02,43,"All","eKF"
"xi",0.054,0.055,43,"All","eKF"
"cs",0.127,0.013,44,"All","eKF"
"E0",0.118,0.048,44,"All","eKF"
"eps",0.1,0.01,44,"All","eKF"
"eta",0.09,0.006,44,"All","eKF"
"psi",0.129,0.011,44,"All","eKF"
"w0",0.18,0.019,44,"All","eKF"
"xi",0.042,0.052,44,"All","eKF"
"cs",0.123,0.01,45,"All","eKF"
"E0",0.11,0.049,45,"All","eKF"
"eps",0.099,0.011,45,"All","eKF"
"eta",0.089,0.007,45,"All","eKF"
"psi",0.13,0.012,45,"All","eKF"
"w0",0.178,0.018,45,"All","eKF"
"xi",0.057,0.054,45,"All","eKF"
"cs",0.127,0.012,46,"All","eKF"
"E0",0.098,0.044,46,"All","eKF"
"eps",0.104,0.008,46,"All","eKF"
"eta",0.085,0.007,46,"All","eKF"
"psi",0.132,0.009,46,"All","eKF"
"w0",0.167,0.018,46,"All","eKF"
"xi",0.023,0.041,46,"All","eKF"
"cs",0.123,0.009,47,"All","eKF"
"E0",0.106,0.047,47,"All","eKF"
"eps",0.101,0.01,47,"All","eKF"
"eta",0.09,0.006,47,"All","eKF"
"psi",0.128,0.011,47,"All","eKF"
"w0",0.177,0.018,47,"All","eKF"
"xi",0.051,0.052,47,"All","eKF"
"cs",0.123,0.009,48,"All","eKF"
"E0",0.106,0.046,48,"All","eKF"
"eps",0.1,0.01,48,"All","eKF"
"eta",0.09,0.006,48,"All","eKF"
"psi",0.129,0.011,48,"All","eKF"
"w0",0.177,0.02,48,"All","eKF"
"xi",0.056,0.052,48,"All","eKF"
"cs",0.123,0.009,49,"All","eKF"
"E0",0.111,0.045,49,"All","eKF"
"eps",0.1,0.01,49,"All","eKF"
"eta",0.089,0.006,49,"All","eKF"
"psi",0.13,0.011,49,"All","eKF"
"w0",0.177,0.017,49,"All","eKF"
"xi",0.061,0.051,49,"All","eKF"
"cs",0.122,0.008,50,"All","eKF"
"E0",0.107,0.046,50,"All","eKF"
"eps",0.099,0.01,50,"All","eKF"
"eta",0.09,0.007,50,"All","eKF"
"psi",0.13,0.01,50,"All","eKF"
"w0",0.176,0.017,50,"All","eKF"
"xi",0.06,0.051,50,"All","eKF"
"cs",0.122,0.008,51,"All","eKF"
"E0",0.112,0.044,51,"All","eKF"
"eps",0.099,0.01,51,"All","eKF"
"eta",0.09,0.006,51,"All","eKF"
"psi",0.13,0.011,51,"All","eKF"
"w0",0.179,0.017,51,"All","eKF"
"xi",0.059,0.05,51,"All","eKF"
"cs",0.123,0.008,52,"All","eKF"
"E0",0.108,0.044,52,"All","eKF"
"eps",0.1,0.01,52,"All","eKF"
"eta",0.09,0.006,52,"All","eKF"
"psi",0.129,0.01,52,"All","eKF"
"w0",0.178,0.017,52,"All","eKF"
"xi",0.056,0.05,52,"All","eKF"
"cs",0.123,0.008,53,"All","eKF"
"E0",0.114,0.043,53,"All","eKF"
"eps",0.099,0.009,53,"All","eKF"
"eta",0.09,0.005,53,"All","eKF"
"psi",0.13,0.01,53,"All","eKF"
"w0",0.18,0.016,53,"All","eKF"
"xi",0.06,0.049,53,"All","eKF"
"cs",0.123,0.008,54,"All","eKF"
"E0",0.11,0.043,54,"All","eKF"
"eps",0.099,0.009,54,"All","eKF"
"eta",0.09,0.006,54,"All","eKF"
"psi",0.129,0.01,54,"All","eKF"
"w0",0.179,0.017,54,"All","eKF"
"xi",0.056,0.049,54,"All","eKF"
"cs",0.123,0.008,55,"All","eKF"
"E0",0.111,0.042,55,"All","eKF"
"eps",0.099,0.009,55,"All","eKF"
"eta",0.09,0.005,55,"All","eKF"
"psi",0.13,0.01,55,"All","eKF"
"w0",0.179,0.015,55,"All","eKF"
"xi",0.058,0.049,55,"All","eKF"
"cs",0.122,0.007,56,"All","eKF"
"E0",0.11,0.041,56,"All","eKF"
"eps",0.1,0.009,56,"All","eKF"
"eta",0.089,0.005,56,"All","eKF"
"psi",0.13,0.01,56,"All","eKF"
"w0",0.179,0.016,56,"All","eKF"
"xi",0.058,0.048,56,"All","eKF"
"cs",0.123,0.007,57,"All","eKF"
"E0",0.101,0.041,57,"All","eKF"
"eps",0.101,0.007,57,"All","eKF"
"eta",0.089,0.005,57,"All","eKF"
"psi",0.129,0.01,57,"All","eKF"
"w0",0.178,0.015,57,"All","eKF"
"xi",0.054,0.048,57,"All","eKF"
"cs",0.123,0.007,58,"All","eKF"
"E0",0.111,0.04,58,"All","eKF"
"eps",0.1,0.008,58,"All","eKF"
"eta",0.09,0.005,58,"All","eKF"
"psi",0.13,0.009,58,"All","eKF"
"w0",0.179,0.016,58,"All","eKF"
"xi",0.062,0.046,58,"All","eKF"
"cs",0.123,0.007,59,"All","eKF"
"E0",0.114,0.039,59,"All","eKF"
"eps",0.099,0.008,59,"All","eKF"
"eta",0.09,0.005,59,"All","eKF"
"psi",0.129,0.009,59,"All","eKF"
"w0",0.177,0.015,59,"All","eKF"
"xi",0.06,0.046,59,"All","eKF"
"cs",0.123,0.007,60,"All","eKF"
"E0",0.113,0.038,60,"All","eKF"
"eps",0.099,0.008,60,"All","eKF"
"eta",0.09,0.004,60,"All","eKF"
"psi",0.129,0.009,60,"All","eKF"
"w0",0.178,0.015,60,"All","eKF"
"xi",0.06,0.046,60,"All","eKF"
"cs",0.123,0.006,61,"All","eKF"
"E0",0.109,0.039,61,"All","eKF"
"eps",0.1,0.008,61,"All","eKF"
"eta",0.089,0.005,61,"All","eKF"
"psi",0.13,0.009,61,"All","eKF"
"w0",0.18,0.015,61,"All","eKF"
"xi",0.065,0.044,61,"All","eKF"
"cs",0.123,0.006,62,"All","eKF"
"E0",0.11,0.037,62,"All","eKF"
"eps",0.099,0.008,62,"All","eKF"
"eta",0.09,0.004,62,"All","eKF"
"psi",0.129,0.009,62,"All","eKF"
"w0",0.179,0.013,62,"All","eKF"
"xi",0.064,0.044,62,"All","eKF"
"cs",0.123,0.006,63,"All","eKF"
"E0",0.11,0.037,63,"All","eKF"
"eps",0.1,0.007,63,"All","eKF"
"eta",0.09,0.004,63,"All","eKF"
"psi",0.129,0.008,63,"All","eKF"
"w0",0.18,0.014,63,"All","eKF"
"xi",0.063,0.044,63,"All","eKF"
"cs",0.123,0.006,64,"All","eKF"
"E0",0.113,0.036,64,"All","eKF"
"eps",0.1,0.007,64,"All","eKF"
"eta",0.089,0.004,64,"All","eKF"
"psi",0.13,0.008,64,"All","eKF"
"w0",0.179,0.013,64,"All","eKF"
"xi",0.064,0.043,64,"All","eKF"
"cs",0.123,0.006,65,"All","eKF"
"E0",0.11,0.036,65,"All","eKF"
"eps",0.1,0.007,65,"All","eKF"
"eta",0.09,0.004,65,"All","eKF"
"psi",0.13,0.008,65,"All","eKF"
"w0",0.177,0.013,65,"All","eKF"
"xi",0.062,0.043,65,"All","eKF"
"cs",0.123,0.006,66,"All","eKF"
"E0",0.111,0.035,66,"All","eKF"
"eps",0.099,0.007,66,"All","eKF"
"eta",0.09,0.004,66,"All","eKF"
"psi",0.13,0.008,66,"All","eKF"
"w0",0.179,0.012,66,"All","eKF"
"xi",0.066,0.041,66,"All","eKF"
"cs",0.123,0.006,67,"All","eKF"
"E0",0.113,0.034,67,"All","eKF"
"eps",0.099,0.007,67,"All","eKF"
"eta",0.09,0.004,67,"All","eKF"
"psi",0.13,0.007,67,"All","eKF"
"w0",0.179,0.013,67,"All","eKF"
"xi",0.065,0.041,67,"All","eKF"
"cs",0.124,0.006,68,"All","eKF"
"E0",0.107,0.036,68,"All","eKF"
"eps",0.1,0.007,68,"All","eKF"
"eta",0.089,0.004,68,"All","eKF"
"psi",0.129,0.007,68,"All","eKF"
"w0",0.179,0.013,68,"All","eKF"
"xi",0.062,0.041,68,"All","eKF"
"cs",0.121,0.008,69,"All","eKF"
"E0",0.1,0.037,69,"All","eKF"
"eps",0.103,0.006,69,"All","eKF"
"eta",0.088,0.003,69,"All","eKF"
"psi",0.126,0.005,69,"All","eKF"
"w0",0.174,0.008,69,"All","eKF"
"xi",0.085,0.023,69,"All","eKF"
"cs",0.123,0.005,70,"All","eKF"
"E0",0.113,0.032,70,"All","eKF"
"eps",0.099,0.006,70,"All","eKF"
"eta",0.09,0.004,70,"All","eKF"
"psi",0.13,0.007,70,"All","eKF"
"w0",0.179,0.011,70,"All","eKF"
"xi",0.067,0.038,70,"All","eKF"
"cs",0.123,0.006,71,"All","eKF"
"E0",0.114,0.031,71,"All","eKF"
"eps",0.099,0.006,71,"All","eKF"
"eta",0.09,0.003,71,"All","eKF"
"psi",0.129,0.007,71,"All","eKF"
"w0",0.178,0.011,71,"All","eKF"
"xi",0.064,0.039,71,"All","eKF"
"cs",0.123,0.006,72,"All","eKF"
"E0",0.126,0.022,72,"All","eKF"
"eps",0.097,0.006,72,"All","eKF"
"eta",0.089,0.005,72,"All","eKF"
"psi",0.13,0.006,72,"All","eKF"
"w0",0.177,0.012,72,"All","eKF"
"xi",0.07,0.035,72,"All","eKF"
"cs",0.123,0.005,73,"All","eKF"
"E0",0.116,0.03,73,"All","eKF"
"eps",0.099,0.006,73,"All","eKF"
"eta",0.09,0.003,73,"All","eKF"
"psi",0.13,0.007,73,"All","eKF"
"w0",0.178,0.011,73,"All","eKF"
"xi",0.065,0.038,73,"All","eKF"
"cs",0.123,0.005,74,"All","eKF"
"E0",0.113,0.03,74,"All","eKF"
"eps",0.098,0.007,74,"All","eKF"
"eta",0.09,0.003,74,"All","eKF"
"psi",0.131,0.006,74,"All","eKF"
"w0",0.18,0.01,74,"All","eKF"
"xi",0.07,0.035,74,"All","eKF"
"cs",0.122,0.006,75,"All","eKF"
"E0",0.102,0.033,75,"All","eKF"
"eps",0.099,0.006,75,"All","eKF"
"eta",0.09,0.003,75,"All","eKF"
"psi",0.129,0.007,75,"All","eKF"
"w0",0.178,0.009,75,"All","eKF"
"xi",0.063,0.038,75,"All","eKF"
"cs",0.123,0.005,76,"All","eKF"
"E0",0.114,0.028,76,"All","eKF"
"eps",0.099,0.006,76,"All","eKF"
"eta",0.09,0.003,76,"All","eKF"
"psi",0.13,0.006,76,"All","eKF"
"w0",0.178,0.01,76,"All","eKF"
"xi",0.063,0.037,76,"All","eKF"
"cs",0.122,0.003,77,"All","eKF"
"E0",0.119,0.024,77,"All","eKF"
"eps",0.098,0.004,77,"All","eKF"
"eta",0.092,0.003,77,"All","eKF"
"psi",0.131,0.006,77,"All","eKF"
"w0",0.181,0.008,77,"All","eKF"
"xi",0.073,0.03,77,"All","eKF"
"cs",0.123,0.005,78,"All","eKF"
"E0",0.115,0.027,78,"All","eKF"
"eps",0.099,0.005,78,"All","eKF"
"eta",0.09,0.003,78,"All","eKF"
"psi",0.13,0.006,78,"All","eKF"
"w0",0.179,0.01,78,"All","eKF"
"xi",0.067,0.034,78,"All","eKF"
"cs",0.123,0.005,79,"All","eKF"
"E0",0.116,0.026,79,"All","eKF"
"eps",0.1,0.005,79,"All","eKF"
"eta",0.09,0.003,79,"All","eKF"
"psi",0.13,0.006,79,"All","eKF"
"w0",0.179,0.01,79,"All","eKF"
"xi",0.066,0.034,79,"All","eKF"
"cs",0.123,0.005,80,"All","eKF"
"E0",0.117,0.024,80,"All","eKF"
"eps",0.1,0.005,80,"All","eKF"
"eta",0.09,0.003,80,"All","eKF"
"psi",0.129,0.006,80,"All","eKF"
"w0",0.179,0.009,80,"All","eKF"
"xi",0.068,0.032,80,"All","eKF"
"cs",0.124,0.004,81,"All","eKF"
"E0",0.124,0.016,81,"All","eKF"
"eps",0.1,0.005,81,"All","eKF"
"eta",0.09,0.003,81,"All","eKF"
"psi",0.13,0.006,81,"All","eKF"
"w0",0.178,0.009,81,"All","eKF"
"xi",0.074,0.026,81,"All","eKF"
"cs",0.123,0.004,82,"All","eKF"
"E0",0.114,0.025,82,"All","eKF"
"eps",0.1,0.005,82,"All","eKF"
"eta",0.09,0.003,82,"All","eKF"
"psi",0.13,0.005,82,"All","eKF"
"w0",0.179,0.008,82,"All","eKF"
"xi",0.071,0.03,82,"All","eKF"
"cs",0.122,0.004,83,"All","eKF"
"E0",0.117,0.023,83,"All","eKF"
"eps",0.1,0.004,83,"All","eKF"
"eta",0.09,0.003,83,"All","eKF"
"psi",0.13,0.004,83,"All","eKF"
"w0",0.181,0.008,83,"All","eKF"
"xi",0.073,0.026,83,"All","eKF"
"cs",0.124,0.004,84,"All","eKF"
"E0",0.111,0.026,84,"All","eKF"
"eps",0.099,0.004,84,"All","eKF"
"eta",0.09,0.003,84,"All","eKF"
"psi",0.129,0.005,84,"All","eKF"
"w0",0.179,0.008,84,"All","eKF"
"xi",0.066,0.032,84,"All","eKF"
"cs",0.123,0.004,85,"All","eKF"
"E0",0.113,0.025,85,"All","eKF"
"eps",0.099,0.005,85,"All","eKF"
"eta",0.09,0.003,85,"All","eKF"
"psi",0.13,0.005,85,"All","eKF"
"w0",0.179,0.008,85,"All","eKF"
"xi",0.072,0.026,85,"All","eKF"
"cs",0.123,0.003,86,"All","eKF"
"E0",0.118,0.02,86,"All","eKF"
"eps",0.1,0.004,86,"All","eKF"
"eta",0.09,0.002,86,"All","eKF"
"psi",0.13,0.005,86,"All","eKF"
"w0",0.179,0.007,86,"All","eKF"
"xi",0.072,0.026,86,"All","eKF"
"cs",0.124,0.003,87,"All","eKF"
"E0",0.116,0.021,87,"All","eKF"
"eps",0.1,0.004,87,"All","eKF"
"eta",0.09,0.002,87,"All","eKF"
"psi",0.13,0.004,87,"All","eKF"
"w0",0.179,0.007,87,"All","eKF"
"xi",0.068,0.029,87,"All","eKF"
"cs",0.123,0.003,88,"All","eKF"
"E0",0.117,0.019,88,"All","eKF"
"eps",0.1,0.004,88,"All","eKF"
"eta",0.09,0.002,88,"All","eKF"
"psi",0.13,0.004,88,"All","eKF"
"w0",0.179,0.007,88,"All","eKF"
"xi",0.071,0.025,88,"All","eKF"
"cs",0.123,0.003,89,"All","eKF"
"E0",0.117,0.019,89,"All","eKF"
"eps",0.1,0.004,89,"All","eKF"
"eta",0.09,0.002,89,"All","eKF"
"psi",0.13,0.004,89,"All","eKF"
"w0",0.179,0.007,89,"All","eKF"
"xi",0.072,0.024,89,"All","eKF"
"cs",0.123,0.003,90,"All","eKF"
"E0",0.116,0.019,90,"All","eKF"
"eps",0.1,0.004,90,"All","eKF"
"eta",0.09,0.002,90,"All","eKF"
"psi",0.13,0.004,90,"All","eKF"
"w0",0.179,0.006,90,"All","eKF"
"xi",0.071,0.024,90,"All","eKF"
"cs",0.123,0.003,91,"All","eKF"
"E0",0.117,0.016,91,"All","eKF"
"eps",0.1,0.003,91,"All","eKF"
"eta",0.09,0.002,91,"All","eKF"
"psi",0.13,0.004,91,"All","eKF"
"w0",0.179,0.006,91,"All","eKF"
"xi",0.072,0.022,91,"All","eKF"
"cs",0.123,0.003,92,"All","eKF"
"E0",0.117,0.016,92,"All","eKF"
"eps",0.099,0.003,92,"All","eKF"
"eta",0.09,0.002,92,"All","eKF"
"psi",0.13,0.003,92,"All","eKF"
"w0",0.179,0.006,92,"All","eKF"
"xi",0.072,0.021,92,"All","eKF"
"cs",0.124,0.002,93,"All","eKF"
"E0",0.114,0.02,93,"All","eKF"
"eps",0.099,0.003,93,"All","eKF"
"eta",0.09,0.002,93,"All","eKF"
"psi",0.13,0.003,93,"All","eKF"
"w0",0.179,0.006,93,"All","eKF"
"xi",0.072,0.021,93,"All","eKF"
"cs",0.123,0.002,94,"All","eKF"
"E0",0.118,0.013,94,"All","eKF"
"eps",0.1,0.003,94,"All","eKF"
"eta",0.09,0.001,94,"All","eKF"
"psi",0.13,0.003,94,"All","eKF"
"w0",0.179,0.005,94,"All","eKF"
"xi",0.071,0.022,94,"All","eKF"
"cs",0.123,0.002,95,"All","eKF"
"E0",0.117,0.014,95,"All","eKF"
"eps",0.1,0.003,95,"All","eKF"
"eta",0.09,0.001,95,"All","eKF"
"psi",0.13,0.003,95,"All","eKF"
"w0",0.179,0.004,95,"All","eKF"
"xi",0.074,0.016,95,"All","eKF"
"cs",0.123,0.002,96,"All","eKF"
"E0",0.118,0.011,96,"All","eKF"
"eps",0.1,0.002,96,"All","eKF"
"eta",0.09,0.001,96,"All","eKF"
"psi",0.13,0.003,96,"All","eKF"
"w0",0.179,0.004,96,"All","eKF"
"xi",0.073,0.017,96,"All","eKF"
"cs",0.123,0.002,97,"All","eKF"
"E0",0.118,0.01,97,"All","eKF"
"eps",0.1,0.002,97,"All","eKF"
"eta",0.09,0.001,97,"All","eKF"
"psi",0.13,0.002,97,"All","eKF"
"w0",0.179,0.004,97,"All","eKF"
"xi",0.075,0.011,97,"All","eKF"
"cs",0.123,0.002,98,"All","eKF"
"E0",0.118,0.01,98,"All","eKF"
"eps",0.1,0.002,98,"All","eKF"
"eta",0.09,0.001,98,"All","eKF"
"psi",0.13,0.002,98,"All","eKF"
"w0",0.179,0.004,98,"All","eKF"
"xi",0.074,0.015,98,"All","eKF"
"cs",0.123,0.001,99,"All","eKF"
"E0",0.118,0.009,99,"All","eKF"
"eps",0.1,0.002,99,"All","eKF"
"eta",0.09,0.001,99,"All","eKF"
"psi",0.13,0.002,99,"All","eKF"
"w0",0.179,0.003,99,"All","eKF"
"xi",0.074,0.013,99,"All","eKF"
"cs",0.123,0.001,100,"All","eKF"
"E0",0.118,0.007,100,"All","eKF"
"eps",0.1,0.001,100,"All","eKF"
"eta",0.09,0.001,100,"All","eKF"
"psi",0.13,0.002,100,"All","eKF"
"w0",0.179,0.002,100,"All","eKF"
"xi",0.074,0.011,100,"All","eKF"
"cs",0.123,0.001,101,"All","eKF"
"E0",0.118,0.005,101,"All","eKF"
"eps",0.1,0.001,101,"All","eKF"
"eta",0.09,0.001,101,"All","eKF"
"psi",0.13,0.001,101,"All","eKF"
"w0",0.179,0.002,101,"All","eKF"
"xi",0.074,0.009,101,"All","eKF"
"cs",0.123,0,102,"All","eKF"
"E0",0.118,0,102,"All","eKF"
"eps",0.1,0,102,"All","eKF"
"eta",0.09,0,102,"All","eKF"
"psi",0.13,0,102,"All","eKF"
"w0",0.179,0,102,"All","eKF"
"xi",0.075,0,102,"All","eKF"
"cs",0.112,0.09,2,"All","KF"
"E0",0.12,0.112,2,"All","KF"
"eta",0.092,0.067,2,"All","KF"
"psi",0.106,0.078,2,"All","KF"
"w0",0.152,0.115,2,"All","KF"
"xi",0.003,0.004,2,"All","KF"
"cs",0.115,0.072,3,"All","KF"
"E0",0.127,0.091,3,"All","KF"
"eta",0.102,0.05,3,"All","KF"
"psi",0.127,0.061,3,"All","KF"
"w0",0.144,0.071,3,"All","KF"
"xi",0.004,0.004,3,"All","KF"
"cs",0.132,0.058,4,"All","KF"
"E0",0.127,0.081,4,"All","KF"
"eta",0.106,0.045,4,"All","KF"
"psi",0.123,0.053,4,"All","KF"
"w0",0.164,0.071,4,"All","KF"
"xi",0.004,0.003,4,"All","KF"
"cs",0.128,0.056,5,"All","KF"
"E0",0.125,0.068,5,"All","KF"
"eta",0.114,0.042,5,"All","KF"
"psi",0.12,0.047,5,"All","KF"
"w0",0.165,0.061,5,"All","KF"
"xi",0.004,0.003,5,"All","KF"
"cs",0.137,0.052,6,"All","KF"
"E0",0.135,0.066,6,"All","KF"
"eta",0.111,0.034,6,"All","KF"
"psi",0.121,0.044,6,"All","KF"
"w0",0.164,0.065,6,"All","KF"
"xi",0.004,0.003,6,"All","KF"
"cs",0.143,0.052,7,"All","KF"
"E0",0.142,0.068,7,"All","KF"
"eta",0.109,0.03,7,"All","KF"
"psi",0.123,0.037,7,"All","KF"
"w0",0.173,0.052,7,"All","KF"
"xi",0.004,0.003,7,"All","KF"
"cs",0.137,0.044,8,"All","KF"
"E0",0.145,0.07,8,"All","KF"
"eta",0.114,0.03,8,"All","KF"
"psi",0.123,0.036,8,"All","KF"
"w0",0.171,0.05,8,"All","KF"
"xi",0.004,0.003,8,"All","KF"
"cs",0.137,0.047,9,"All","KF"
"E0",0.142,0.064,9,"All","KF"
"eta",0.116,0.029,9,"All","KF"
"psi",0.122,0.034,9,"All","KF"
"w0",0.174,0.051,9,"All","KF"
"xi",0.005,0.003,9,"All","KF"
"cs",0.14,0.041,10,"All","KF"
"E0",0.147,0.06,10,"All","KF"
"eta",0.115,0.025,10,"All","KF"
"psi",0.126,0.032,10,"All","KF"
"w0",0.173,0.047,10,"All","KF"
"xi",0.004,0.002,10,"All","KF"
"cs",0.141,0.041,11,"All","KF"
"E0",0.144,0.059,11,"All","KF"
"eta",0.115,0.024,11,"All","KF"
"psi",0.126,0.029,11,"All","KF"
"w0",0.178,0.045,11,"All","KF"
"xi",0.005,0.002,11,"All","KF"
"cs",0.142,0.035,12,"All","KF"
"E0",0.147,0.055,12,"All","KF"
"eta",0.115,0.023,12,"All","KF"
"psi",0.127,0.027,12,"All","KF"
"w0",0.173,0.042,12,"All","KF"
"xi",0.004,0.002,12,"All","KF"
"cs",0.141,0.033,13,"All","KF"
"E0",0.145,0.051,13,"All","KF"
"eta",0.116,0.022,13,"All","KF"
"psi",0.127,0.026,13,"All","KF"
"w0",0.175,0.041,13,"All","KF"
"xi",0.004,0.002,13,"All","KF"
"cs",0.15,0.037,14,"All","KF"
"E0",0.163,0.057,14,"All","KF"
"eta",0.121,0.017,14,"All","KF"
"psi",0.124,0.03,14,"All","KF"
"w0",0.162,0.029,14,"All","KF"
"xi",0.004,0.002,14,"All","KF"
"cs",0.14,0.033,15,"All","KF"
"E0",0.149,0.052,15,"All","KF"
"eta",0.115,0.02,15,"All","KF"
"psi",0.127,0.025,15,"All","KF"
"w0",0.179,0.036,15,"All","KF"
"xi",0.004,0.002,15,"All","KF"
"cs",0.139,0.032,16,"All","KF"
"E0",0.148,0.047,16,"All","KF"
"eta",0.119,0.02,16,"All","KF"
"psi",0.126,0.022,16,"All","KF"
"w0",0.179,0.038,16,"All","KF"
"xi",0.005,0.002,16,"All","KF"
"cs",0.142,0.032,17,"All","KF"
"E0",0.151,0.048,17,"All","KF"
"eta",0.116,0.018,17,"All","KF"
"psi",0.125,0.022,17,"All","KF"
"w0",0.176,0.034,17,"All","KF"
"xi",0.005,0.002,17,"All","KF"
"cs",0.143,0.031,18,"All","KF"
"E0",0.15,0.046,18,"All","KF"
"eta",0.117,0.018,18,"All","KF"
"psi",0.129,0.021,18,"All","KF"
"w0",0.177,0.032,18,"All","KF"
"xi",0.005,0.002,18,"All","KF"
"cs",0.142,0.028,19,"All","KF"
"E0",0.149,0.046,19,"All","KF"
"eta",0.117,0.019,19,"All","KF"
"psi",0.128,0.021,19,"All","KF"
"w0",0.176,0.03,19,"All","KF"
"xi",0.005,0.002,19,"All","KF"
"cs",0.144,0.03,20,"All","KF"
"E0",0.147,0.044,20,"All","KF"
"eta",0.119,0.018,20,"All","KF"
"psi",0.126,0.019,20,"All","KF"
"w0",0.182,0.031,20,"All","KF"
"xi",0.005,0.002,20,"All","KF"
"cs",0.145,0.025,21,"All","KF"
"E0",0.151,0.044,21,"All","KF"
"eta",0.115,0.017,21,"All","KF"
"psi",0.128,0.02,21,"All","KF"
"w0",0.175,0.03,21,"All","KF"
"xi",0.005,0.002,21,"All","KF"
"cs",0.144,0.026,22,"All","KF"
"E0",0.152,0.043,22,"All","KF"
"eta",0.115,0.017,22,"All","KF"
"psi",0.128,0.02,22,"All","KF"
"w0",0.178,0.029,22,"All","KF"
"xi",0.005,0.002,22,"All","KF"
"cs",0.164,0.015,23,"All","KF"
"E0",0.11,0.026,23,"All","KF"
"eta",0.123,0.008,23,"All","KF"
"psi",0.147,0.014,23,"All","KF"
"w0",0.216,0.023,23,"All","KF"
"xi",0.004,0.001,23,"All","KF"
"cs",0.142,0.026,24,"All","KF"
"E0",0.152,0.041,24,"All","KF"
"eta",0.118,0.016,24,"All","KF"
"psi",0.127,0.019,24,"All","KF"
"w0",0.178,0.028,24,"All","KF"
"xi",0.005,0.002,24,"All","KF"
"cs",0.145,0.023,25,"All","KF"
"E0",0.154,0.04,25,"All","KF"
"eta",0.117,0.015,25,"All","KF"
"psi",0.128,0.018,25,"All","KF"
"w0",0.179,0.027,25,"All","KF"
"xi",0.005,0.001,25,"All","KF"
"cs",0.14,0.019,26,"All","KF"
"E0",0.156,0.041,26,"All","KF"
"eta",0.116,0.014,26,"All","KF"
"psi",0.126,0.024,26,"All","KF"
"w0",0.18,0.027,26,"All","KF"
"xi",0.005,0.001,26,"All","KF"
"cs",0.145,0.023,27,"All","KF"
"E0",0.153,0.038,27,"All","KF"
"eta",0.117,0.014,27,"All","KF"
"psi",0.128,0.017,27,"All","KF"
"w0",0.181,0.027,27,"All","KF"
"xi",0.005,0.002,27,"All","KF"
"cs",0.144,0.023,28,"All","KF"
"E0",0.156,0.036,28,"All","KF"
"eta",0.115,0.013,28,"All","KF"
"psi",0.128,0.018,28,"All","KF"
"w0",0.18,0.023,28,"All","KF"
"xi",0.005,0.001,28,"All","KF"
"cs",0.14,0.022,29,"All","KF"
"E0",0.154,0.035,29,"All","KF"
"eta",0.118,0.012,29,"All","KF"
"psi",0.132,0.017,29,"All","KF"
"w0",0.176,0.019,29,"All","KF"
"xi",0.005,0.002,29,"All","KF"
"cs",0.145,0.02,30,"All","KF"
"E0",0.153,0.036,30,"All","KF"
"eta",0.116,0.013,30,"All","KF"
"psi",0.129,0.015,30,"All","KF"
"w0",0.177,0.024,30,"All","KF"
"xi",0.005,0.001,30,"All","KF"
"cs",0.144,0.021,31,"All","KF"
"E0",0.152,0.035,31,"All","KF"
"eta",0.116,0.012,31,"All","KF"
"psi",0.127,0.016,31,"All","KF"
"w0",0.18,0.023,31,"All","KF"
"xi",0.005,0.001,31,"All","KF"
"cs",0.144,0.02,32,"All","KF"
"E0",0.143,0.031,32,"All","KF"
"eta",0.113,0.011,32,"All","KF"
"psi",0.133,0.013,32,"All","KF"
"w0",0.177,0.022,32,"All","KF"
"xi",0.005,0.001,32,"All","KF"
"cs",0.144,0.021,33,"All","KF"
"E0",0.153,0.033,33,"All","KF"
"eta",0.116,0.012,33,"All","KF"
"psi",0.127,0.016,33,"All","KF"
"w0",0.179,0.021,33,"All","KF"
"xi",0.005,0.001,33,"All","KF"
"cs",0.145,0.02,34,"All","KF"
"E0",0.152,0.033,34,"All","KF"
"eta",0.117,0.012,34,"All","KF"
"psi",0.128,0.014,34,"All","KF"
"w0",0.176,0.021,34,"All","KF"
"xi",0.005,0.001,34,"All","KF"
"cs",0.143,0.019,35,"All","KF"
"E0",0.153,0.032,35,"All","KF"
"eta",0.117,0.011,35,"All","KF"
"psi",0.126,0.014,35,"All","KF"
"w0",0.184,0.019,35,"All","KF"
"xi",0.005,0.001,35,"All","KF"
"cs",0.145,0.018,36,"All","KF"
"E0",0.153,0.03,36,"All","KF"
"eta",0.116,0.012,36,"All","KF"
"psi",0.128,0.014,36,"All","KF"
"w0",0.177,0.021,36,"All","KF"
"xi",0.005,0.001,36,"All","KF"
"cs",0.145,0.018,37,"All","KF"
"E0",0.156,0.03,37,"All","KF"
"eta",0.116,0.011,37,"All","KF"
"psi",0.128,0.013,37,"All","KF"
"w0",0.178,0.02,37,"All","KF"
"xi",0.005,0.001,37,"All","KF"
"cs",0.145,0.019,38,"All","KF"
"E0",0.154,0.031,38,"All","KF"
"eta",0.116,0.011,38,"All","KF"
"psi",0.128,0.013,38,"All","KF"
"w0",0.178,0.02,38,"All","KF"
"xi",0.005,0.001,38,"All","KF"
"cs",0.146,0.018,39,"All","KF"
"E0",0.155,0.03,39,"All","KF"
"eta",0.117,0.011,39,"All","KF"
"psi",0.128,0.012,39,"All","KF"
"w0",0.179,0.019,39,"All","KF"
"xi",0.005,0.001,39,"All","KF"
"cs",0.145,0.018,40,"All","KF"
"E0",0.155,0.031,40,"All","KF"
"eta",0.118,0.01,40,"All","KF"
"psi",0.127,0.012,40,"All","KF"
"w0",0.18,0.019,40,"All","KF"
"xi",0.005,0.001,40,"All","KF"
"cs",0.147,0.017,41,"All","KF"
"E0",0.15,0.029,41,"All","KF"
"eta",0.117,0.011,41,"All","KF"
"psi",0.129,0.012,41,"All","KF"
"w0",0.18,0.018,41,"All","KF"
"xi",0.005,0.001,41,"All","KF"
"cs",0.144,0.017,42,"All","KF"
"E0",0.156,0.029,42,"All","KF"
"eta",0.117,0.01,42,"All","KF"
"psi",0.128,0.011,42,"All","KF"
"w0",0.179,0.018,42,"All","KF"
"xi",0.005,0.001,42,"All","KF"
"cs",0.145,0.017,43,"All","KF"
"E0",0.154,0.028,43,"All","KF"
"eta",0.117,0.01,43,"All","KF"
"psi",0.129,0.011,43,"All","KF"
"w0",0.18,0.018,43,"All","KF"
"xi",0.005,0.001,43,"All","KF"
"cs",0.146,0.015,44,"All","KF"
"E0",0.153,0.027,44,"All","KF"
"eta",0.118,0.01,44,"All","KF"
"psi",0.128,0.012,44,"All","KF"
"w0",0.178,0.017,44,"All","KF"
"xi",0.005,0.001,44,"All","KF"
"cs",0.145,0.016,45,"All","KF"
"E0",0.156,0.026,45,"All","KF"
"eta",0.117,0.01,45,"All","KF"
"psi",0.128,0.011,45,"All","KF"
"w0",0.179,0.018,45,"All","KF"
"xi",0.005,0.001,45,"All","KF"
"cs",0.146,0.016,46,"All","KF"
"E0",0.155,0.026,46,"All","KF"
"eta",0.116,0.009,46,"All","KF"
"psi",0.128,0.012,46,"All","KF"
"w0",0.18,0.018,46,"All","KF"
"xi",0.005,0.001,46,"All","KF"
"cs",0.146,0.014,47,"All","KF"
"E0",0.154,0.027,47,"All","KF"
"eta",0.117,0.009,47,"All","KF"
"psi",0.128,0.011,47,"All","KF"
"w0",0.178,0.016,47,"All","KF"
"xi",0.005,0.001,47,"All","KF"
"cs",0.139,0.007,48,"All","KF"
"E0",0.154,0.03,48,"All","KF"
"eta",0.113,0.007,48,"All","KF"
"psi",0.131,0.011,48,"All","KF"
"w0",0.169,0.013,48,"All","KF"
"xi",0.005,0.001,48,"All","KF"
"cs",0.145,0.014,49,"All","KF"
"E0",0.155,0.025,49,"All","KF"
"eta",0.117,0.009,49,"All","KF"
"psi",0.128,0.011,49,"All","KF"
"w0",0.179,0.016,49,"All","KF"
"xi",0.005,0.001,49,"All","KF"
"cs",0.145,0.014,50,"All","KF"
"E0",0.155,0.025,50,"All","KF"
"eta",0.117,0.009,50,"All","KF"
"psi",0.127,0.011,50,"All","KF"
"w0",0.179,0.015,50,"All","KF"
"xi",0.005,0.001,50,"All","KF"
"cs",0.145,0.014,51,"All","KF"
"E0",0.151,0.026,51,"All","KF"
"eta",0.117,0.009,51,"All","KF"
"psi",0.127,0.01,51,"All","KF"
"w0",0.178,0.014,51,"All","KF"
"xi",0.005,0.001,51,"All","KF"
"cs",0.146,0.015,52,"All","KF"
"E0",0.161,0.026,52,"All","KF"
"eta",0.117,0.008,52,"All","KF"
"psi",0.128,0.011,52,"All","KF"
"w0",0.18,0.015,52,"All","KF"
"xi",0.005,0.001,52,"All","KF"
"cs",0.147,0.014,53,"All","KF"
"E0",0.157,0.023,53,"All","KF"
"eta",0.117,0.008,53,"All","KF"
"psi",0.129,0.01,53,"All","KF"
"w0",0.179,0.014,53,"All","KF"
"xi",0.005,0.001,53,"All","KF"
"cs",0.146,0.013,54,"All","KF"
"E0",0.154,0.023,54,"All","KF"
"eta",0.118,0.009,54,"All","KF"
"psi",0.128,0.009,54,"All","KF"
"w0",0.179,0.014,54,"All","KF"
"xi",0.005,0.001,54,"All","KF"
"cs",0.147,0.012,55,"All","KF"
"E0",0.153,0.022,55,"All","KF"
"eta",0.119,0.009,55,"All","KF"
"psi",0.128,0.009,55,"All","KF"
"w0",0.179,0.014,55,"All","KF"
"xi",0.005,0.001,55,"All","KF"
"cs",0.144,0.013,56,"All","KF"
"E0",0.154,0.022,56,"All","KF"
"eta",0.117,0.008,56,"All","KF"
"psi",0.128,0.009,56,"All","KF"
"w0",0.18,0.014,56,"All","KF"
"xi",0.005,0.001,56,"All","KF"
"cs",0.146,0.012,57,"All","KF"
"E0",0.158,0.021,57,"All","KF"
"eta",0.118,0.007,57,"All","KF"
"psi",0.128,0.009,57,"All","KF"
"w0",0.178,0.014,57,"All","KF"
"xi",0.005,0.001,57,"All","KF"
"cs",0.144,0.012,58,"All","KF"
"E0",0.157,0.022,58,"All","KF"
"eta",0.117,0.009,58,"All","KF"
"psi",0.127,0.008,58,"All","KF"
"w0",0.181,0.013,58,"All","KF"
"xi",0.005,0.001,58,"All","KF"
"cs",0.145,0.012,59,"All","KF"
"E0",0.157,0.02,59,"All","KF"
"eta",0.117,0.007,59,"All","KF"
"psi",0.128,0.009,59,"All","KF"
"w0",0.18,0.013,59,"All","KF"
"xi",0.005,0.001,59,"All","KF"
"cs",0.145,0.011,60,"All","KF"
"E0",0.152,0.021,60,"All","KF"
"eta",0.117,0.007,60,"All","KF"
"psi",0.129,0.009,60,"All","KF"
"w0",0.179,0.013,60,"All","KF"
"xi",0.005,0.001,60,"All","KF"
"cs",0.146,0.011,61,"All","KF"
"E0",0.155,0.02,61,"All","KF"
"eta",0.117,0.007,61,"All","KF"
"psi",0.128,0.009,61,"All","KF"
"w0",0.179,0.013,61,"All","KF"
"xi",0.005,0.001,61,"All","KF"
"cs",0.146,0.011,62,"All","KF"
"E0",0.157,0.02,62,"All","KF"
"eta",0.118,0.007,62,"All","KF"
"psi",0.128,0.008,62,"All","KF"
"w0",0.179,0.012,62,"All","KF"
"xi",0.005,0.001,62,"All","KF"
"cs",0.145,0.011,63,"All","KF"
"E0",0.159,0.021,63,"All","KF"
"eta",0.117,0.007,63,"All","KF"
"psi",0.129,0.009,63,"All","KF"
"w0",0.179,0.012,63,"All","KF"
"xi",0.005,0.001,63,"All","KF"
"cs",0.146,0.011,64,"All","KF"
"E0",0.155,0.019,64,"All","KF"
"eta",0.117,0.007,64,"All","KF"
"psi",0.128,0.008,64,"All","KF"
"w0",0.179,0.012,64,"All","KF"
"xi",0.005,0.001,64,"All","KF"
"cs",0.145,0.011,65,"All","KF"
"E0",0.156,0.019,65,"All","KF"
"eta",0.117,0.007,65,"All","KF"
"psi",0.128,0.008,65,"All","KF"
"w0",0.179,0.012,65,"All","KF"
"xi",0.005,0.001,65,"All","KF"
"cs",0.145,0.009,66,"All","KF"
"E0",0.157,0.019,66,"All","KF"
"eta",0.118,0.007,66,"All","KF"
"psi",0.128,0.008,66,"All","KF"
"w0",0.179,0.011,66,"All","KF"
"xi",0.005,0.001,66,"All","KF"
"cs",0.144,0.01,67,"All","KF"
"E0",0.157,0.017,67,"All","KF"
"eta",0.118,0.006,67,"All","KF"
"psi",0.129,0.007,67,"All","KF"
"w0",0.179,0.011,67,"All","KF"
"xi",0.005,0.001,67,"All","KF"
"cs",0.146,0.01,68,"All","KF"
"E0",0.156,0.018,68,"All","KF"
"eta",0.118,0.006,68,"All","KF"
"psi",0.128,0.007,68,"All","KF"
"w0",0.179,0.011,68,"All","KF"
"xi",0.005,0.001,68,"All","KF"
"cs",0.146,0.01,69,"All","KF"
"E0",0.156,0.017,69,"All","KF"
"eta",0.118,0.006,69,"All","KF"
"psi",0.128,0.007,69,"All","KF"
"w0",0.179,0.011,69,"All","KF"
"xi",0.005,0.001,69,"All","KF"
"cs",0.146,0.01,70,"All","KF"
"E0",0.155,0.018,70,"All","KF"
"eta",0.117,0.006,70,"All","KF"
"psi",0.129,0.006,70,"All","KF"
"w0",0.179,0.011,70,"All","KF"
"xi",0.005,0.001,70,"All","KF"
"cs",0.146,0.01,71,"All","KF"
"E0",0.156,0.017,71,"All","KF"
"eta",0.117,0.005,71,"All","KF"
"psi",0.128,0.007,71,"All","KF"
"w0",0.18,0.011,71,"All","KF"
"xi",0.005,0.001,71,"All","KF"
"cs",0.145,0.01,72,"All","KF"
"E0",0.157,0.016,72,"All","KF"
"eta",0.117,0.006,72,"All","KF"
"psi",0.128,0.007,72,"All","KF"
"w0",0.179,0.01,72,"All","KF"
"xi",0.005,0.001,72,"All","KF"
"cs",0.146,0.01,73,"All","KF"
"E0",0.157,0.016,73,"All","KF"
"eta",0.117,0.006,73,"All","KF"
"psi",0.129,0.007,73,"All","KF"
"w0",0.179,0.01,73,"All","KF"
"xi",0.005,0.001,73,"All","KF"
"cs",0.146,0.009,74,"All","KF"
"E0",0.157,0.015,74,"All","KF"
"eta",0.117,0.005,74,"All","KF"
"psi",0.129,0.007,74,"All","KF"
"w0",0.179,0.01,74,"All","KF"
"xi",0.005,0.001,74,"All","KF"
"cs",0.146,0.009,75,"All","KF"
"E0",0.156,0.015,75,"All","KF"
"eta",0.117,0.006,75,"All","KF"
"psi",0.128,0.006,75,"All","KF"
"w0",0.179,0.01,75,"All","KF"
"xi",0.005,0.001,75,"All","KF"
"cs",0.145,0.008,76,"All","KF"
"E0",0.155,0.016,76,"All","KF"
"eta",0.117,0.005,76,"All","KF"
"psi",0.129,0.006,76,"All","KF"
"w0",0.179,0.01,76,"All","KF"
"xi",0.005,0.001,76,"All","KF"
"cs",0.145,0.008,77,"All","KF"
"E0",0.157,0.015,77,"All","KF"
"eta",0.117,0.005,77,"All","KF"
"psi",0.129,0.006,77,"All","KF"
"w0",0.18,0.009,77,"All","KF"
"xi",0.005,0.001,77,"All","KF"
"cs",0.146,0.008,78,"All","KF"
"E0",0.158,0.014,78,"All","KF"
"eta",0.117,0.005,78,"All","KF"
"psi",0.128,0.006,78,"All","KF"
"w0",0.18,0.009,78,"All","KF"
"xi",0.005,0.001,78,"All","KF"
"cs",0.146,0.008,79,"All","KF"
"E0",0.156,0.014,79,"All","KF"
"eta",0.117,0.005,79,"All","KF"
"psi",0.128,0.006,79,"All","KF"
"w0",0.179,0.009,79,"All","KF"
"xi",0.005,0.001,79,"All","KF"
"cs",0.147,0.007,80,"All","KF"
"E0",0.158,0.013,80,"All","KF"
"eta",0.117,0.005,80,"All","KF"
"psi",0.128,0.004,80,"All","KF"
"w0",0.18,0.008,80,"All","KF"
"xi",0.005,0.001,80,"All","KF"
"cs",0.146,0.008,81,"All","KF"
"E0",0.157,0.013,81,"All","KF"
"eta",0.117,0.005,81,"All","KF"
"psi",0.128,0.006,81,"All","KF"
"w0",0.18,0.009,81,"All","KF"
"xi",0.005,0.001,81,"All","KF"
"cs",0.146,0.008,82,"All","KF"
"E0",0.157,0.012,82,"All","KF"
"eta",0.117,0.005,82,"All","KF"
"psi",0.128,0.005,82,"All","KF"
"w0",0.18,0.008,82,"All","KF"
"xi",0.005,0.001,82,"All","KF"
"cs",0.146,0.007,83,"All","KF"
"E0",0.157,0.013,83,"All","KF"
"eta",0.117,0.004,83,"All","KF"
"psi",0.128,0.005,83,"All","KF"
"w0",0.179,0.008,83,"All","KF"
"xi",0.005,0,83,"All","KF"
"cs",0.146,0.007,84,"All","KF"
"E0",0.157,0.012,84,"All","KF"
"eta",0.117,0.004,84,"All","KF"
"psi",0.128,0.005,84,"All","KF"
"w0",0.18,0.008,84,"All","KF"
"xi",0.005,0,84,"All","KF"
"cs",0.145,0.007,85,"All","KF"
"E0",0.158,0.01,85,"All","KF"
"eta",0.117,0.004,85,"All","KF"
"psi",0.128,0.005,85,"All","KF"
"w0",0.179,0.008,85,"All","KF"
"xi",0.005,0,85,"All","KF"
"cs",0.146,0.006,86,"All","KF"
"E0",0.156,0.012,86,"All","KF"
"eta",0.117,0.004,86,"All","KF"
"psi",0.129,0.005,86,"All","KF"
"w0",0.179,0.007,86,"All","KF"
"xi",0.005,0,86,"All","KF"
"cs",0.146,0.007,87,"All","KF"
"E0",0.156,0.012,87,"All","KF"
"eta",0.117,0.004,87,"All","KF"
"psi",0.129,0.005,87,"All","KF"
"w0",0.179,0.007,87,"All","KF"
"xi",0.005,0,87,"All","KF"
"cs",0.146,0.006,88,"All","KF"
"E0",0.157,0.011,88,"All","KF"
"eta",0.117,0.004,88,"All","KF"
"psi",0.128,0.005,88,"All","KF"
"w0",0.18,0.007,88,"All","KF"
"xi",0.005,0,88,"All","KF"
"cs",0.146,0.006,89,"All","KF"
"E0",0.157,0.011,89,"All","KF"
"eta",0.119,0.003,89,"All","KF"
"psi",0.128,0.004,89,"All","KF"
"w0",0.178,0.007,89,"All","KF"
"xi",0.005,0,89,"All","KF"
"cs",0.146,0.006,90,"All","KF"
"E0",0.157,0.01,90,"All","KF"
"eta",0.117,0.004,90,"All","KF"
"psi",0.128,0.004,90,"All","KF"
"w0",0.18,0.006,90,"All","KF"
"xi",0.005,0,90,"All","KF"
"cs",0.146,0.006,91,"All","KF"
"E0",0.158,0.009,91,"All","KF"
"eta",0.117,0.003,91,"All","KF"
"psi",0.128,0.004,91,"All","KF"
"w0",0.179,0.006,91,"All","KF"
"xi",0.005,0,91,"All","KF"
"cs",0.146,0.005,92,"All","KF"
"E0",0.157,0.01,92,"All","KF"
"eta",0.117,0.004,92,"All","KF"
"psi",0.129,0.004,92,"All","KF"
"w0",0.179,0.006,92,"All","KF"
"xi",0.005,0,92,"All","KF"
"cs",0.146,0.006,93,"All","KF"
"E0",0.158,0.009,93,"All","KF"
"eta",0.118,0.003,93,"All","KF"
"psi",0.129,0.003,93,"All","KF"
"w0",0.179,0.006,93,"All","KF"
"xi",0.005,0,93,"All","KF"
"cs",0.146,0.005,94,"All","KF"
"E0",0.157,0.009,94,"All","KF"
"eta",0.117,0.003,94,"All","KF"
"psi",0.128,0.004,94,"All","KF"
"w0",0.179,0.006,94,"All","KF"
"xi",0.005,0,94,"All","KF"
"cs",0.146,0.005,95,"All","KF"
"E0",0.157,0.009,95,"All","KF"
"eta",0.117,0.003,95,"All","KF"
"psi",0.129,0.003,95,"All","KF"
"w0",0.18,0.005,95,"All","KF"
"xi",0.005,0,95,"All","KF"
"cs",0.145,0.005,96,"All","KF"
"E0",0.158,0.008,96,"All","KF"
"eta",0.117,0.003,96,"All","KF"
"psi",0.128,0.003,96,"All","KF"
"w0",0.18,0.004,96,"All","KF"
"xi",0.005,0,96,"All","KF"
"cs",0.146,0.004,97,"All","KF"
"E0",0.157,0.007,97,"All","KF"
"eta",0.117,0.003,97,"All","KF"
"psi",0.128,0.003,97,"All","KF"
"w0",0.179,0.005,97,"All","KF"
"xi",0.005,0,97,"All","KF"
"cs",0.146,0.004,98,"All","KF"
"E0",0.157,0.007,98,"All","KF"
"eta",0.117,0.002,98,"All","KF"
"psi",0.129,0.003,98,"All","KF"
"w0",0.179,0.005,98,"All","KF"
"xi",0.005,0,98,"All","KF"
"cs",0.145,0.005,99,"All","KF"
"E0",0.157,0.007,99,"All","KF"
"eta",0.116,0.003,99,"All","KF"
"psi",0.128,0.002,99,"All","KF"
"w0",0.181,0.003,99,"All","KF"
"xi",0.005,0,99,"All","KF"
"cs",0.146,0.004,100,"All","KF"
"E0",0.157,0.007,100,"All","KF"
"eta",0.117,0.002,100,"All","KF"
"psi",0.129,0.003,100,"All","KF"
"w0",0.179,0.004,100,"All","KF"
"xi",0.005,0,100,"All","KF"
"cs",0.146,0.004,101,"All","KF"
"E0",0.158,0.005,101,"All","KF"
"eta",0.117,0.002,101,"All","KF"
"psi",0.129,0.003,101,"All","KF"
"w0",0.18,0.004,101,"All","KF"
"xi",0.005,0,101,"All","KF"
"cs",0.146,0.003,102,"All","KF"
"E0",0.157,0.005,102,"All","KF"
"eta",0.117,0.002,102,"All","KF"
"psi",0.129,0.003,102,"All","KF"
"w0",0.179,0.004,102,"All","KF"
"xi",0.005,0,102,"All","KF"
"cs",0.146,0.003,103,"All","KF"
"E0",0.157,0.005,103,"All","KF"
"eta",0.118,0.002,103,"All","KF"
"psi",0.129,0.002,103,"All","KF"
"w0",0.18,0.003,103,"All","KF"
"xi",0.005,0,103,"All","KF"
"cs",0.146,0.003,104,"All","KF"
"E0",0.157,0.004,104,"All","KF"
"eta",0.117,0.002,104,"All","KF"
"psi",0.129,0.002,104,"All","KF"
"w0",0.18,0.003,104,"All","KF"
"xi",0.005,0,104,"All","KF"
"cs",0.146,0.002,105,"All","KF"
"E0",0.157,0.004,105,"All","KF"
"eta",0.117,0.001,105,"All","KF"
"psi",0.129,0.002,105,"All","KF"
"w0",0.18,0.003,105,"All","KF"
"xi",0.005,0,105,"All","KF"
"cs",0.146,0.001,106,"All","KF"
"E0",0.157,0.003,106,"All","KF"
"eta",0.117,0.001,106,"All","KF"
"psi",0.128,0.001,106,"All","KF"
"w0",0.18,0.002,106,"All","KF"
"xi",0.005,0,106,"All","KF"
"cs",0.146,0.002,107,"All","KF"
"E0",0.157,0.001,107,"All","KF"
"eta",0.118,0.001,107,"All","KF"
"psi",0.129,0.001,107,"All","KF"
"w0",0.18,0.001,107,"All","KF"
"xi",0.005,0,107,"All","KF"
"cs",0.146,0,108,"All","KF"
"E0",0.157,0,108,"All","KF"
"eta",0.117,0,108,"All","KF"
"psi",0.129,0,108,"All","KF"
"w0",0.18,0,108,"All","KF"
"xi",0.005,0,108,"All","KF"
"C",0.001,0.001,2,"All","Random"
"cs",0.154,0.117,2,"All","Random"
"eta",0.003,0.004,2,"All","Random"
"C",0.001,0.001,3,"All","Random"
"cs",0.199,0.078,3,"All","Random"
"eta",0.003,0.004,3,"All","Random"
"C",0.001,0.001,4,"All","Random"
"cs",0.187,0.069,4,"All","Random"
"eta",0.002,0.003,4,"All","Random"
"C",0.001,0.001,5,"All","Random"
"cs",0.2,0.059,5,"All","Random"
"eta",0.003,0.003,5,"All","Random"
"C",0.001,0.001,6,"All","Random"
"cs",0.201,0.053,6,"All","Random"
"eta",0.003,0.003,6,"All","Random"
"C",0.001,0.001,7,"All","Random"
"cs",0.201,0.046,7,"All","Random"
"eta",0.003,0.003,7,"All","Random"
"C",0.001,0,8,"All","Random"
"cs",0.182,0.024,8,"All","Random"
"eta",0.004,0.003,8,"All","Random"
"C",0.001,0.001,9,"All","Random"
"cs",0.201,0.042,9,"All","Random"
"eta",0.003,0.003,9,"All","Random"
"C",0.001,0.001,10,"All","Random"
"cs",0.202,0.039,10,"All","Random"
"eta",0.003,0.003,10,"All","Random"
"C",0.001,0.001,11,"All","Random"
"cs",0.204,0.036,11,"All","Random"
"eta",0.003,0.003,11,"All","Random"
"C",0.001,0.001,12,"All","Random"
"cs",0.204,0.034,12,"All","Random"
"eta",0.004,0.003,12,"All","Random"
"C",0.001,0,13,"All","Random"
"cs",0.202,0.031,13,"All","Random"
"eta",0.003,0.003,13,"All","Random"
"C",0.001,0.001,14,"All","Random"
"cs",0.203,0.031,14,"All","Random"
"eta",0.003,0.002,14,"All","Random"
"C",0.001,0,15,"All","Random"
"cs",0.202,0.029,15,"All","Random"
"eta",0.003,0.002,15,"All","Random"
"C",0.001,0,16,"All","Random"
"cs",0.202,0.027,16,"All","Random"
"eta",0.003,0.002,16,"All","Random"
"C",0.001,0,17,"All","Random"
"cs",0.204,0.029,17,"All","Random"
"eta",0.003,0.002,17,"All","Random"
"C",0.001,0,18,"All","Random"
"cs",0.204,0.025,18,"All","Random"
"eta",0.004,0.002,18,"All","Random"
"C",0.001,0,19,"All","Random"
"cs",0.204,0.025,19,"All","Random"
"eta",0.003,0.002,19,"All","Random"
"C",0.001,0,20,"All","Random"
"cs",0.206,0.025,20,"All","Random"
"eta",0.003,0.002,20,"All","Random"
"C",0.001,0,21,"All","Random"
"cs",0.205,0.022,21,"All","Random"
"eta",0.004,0.002,21,"All","Random"
"C",0.001,0,22,"All","Random"
"cs",0.203,0.024,22,"All","Random"
"eta",0.004,0.002,22,"All","Random"
"C",0.001,0,23,"All","Random"
"cs",0.207,0.021,23,"All","Random"
"eta",0.004,0.002,23,"All","Random"
"C",0.001,0,24,"All","Random"
"cs",0.205,0.022,24,"All","Random"
"eta",0.004,0.002,24,"All","Random"
"C",0.001,0,25,"All","Random"
"cs",0.207,0.02,25,"All","Random"
"eta",0.004,0.002,25,"All","Random"
"C",0.001,0,26,"All","Random"
"cs",0.204,0.02,26,"All","Random"
"eta",0.004,0.002,26,"All","Random"
"C",0.001,0,27,"All","Random"
"cs",0.205,0.02,27,"All","Random"
"eta",0.004,0.002,27,"All","Random"
"C",0.001,0,28,"All","Random"
"cs",0.205,0.022,28,"All","Random"
"eta",0.004,0.002,28,"All","Random"
"C",0.001,0,29,"All","Random"
"cs",0.207,0.018,29,"All","Random"
"eta",0.004,0.002,29,"All","Random"
"C",0.001,0,30,"All","Random"
"cs",0.205,0.019,30,"All","Random"
"eta",0.004,0.002,30,"All","Random"
"C",0.001,0,31,"All","Random"
"cs",0.206,0.018,31,"All","Random"
"eta",0.004,0.002,31,"All","Random"
"C",0.001,0,32,"All","Random"
"cs",0.206,0.017,32,"All","Random"
"eta",0.004,0.002,32,"All","Random"
"C",0.001,0,33,"All","Random"
"cs",0.204,0.017,33,"All","Random"
"eta",0.004,0.002,33,"All","Random"
"C",0.001,0,34,"All","Random"
"cs",0.207,0.017,34,"All","Random"
"eta",0.004,0.002,34,"All","Random"
"C",0.001,0,35,"All","Random"
"cs",0.206,0.017,35,"All","Random"
"eta",0.004,0.002,35,"All","Random"
"C",0.001,0,36,"All","Random"
"cs",0.206,0.015,36,"All","Random"
"eta",0.004,0.002,36,"All","Random"
"C",0.001,0,37,"All","Random"
"cs",0.207,0.016,37,"All","Random"
"eta",0.004,0.002,37,"All","Random"
"C",0.001,0,38,"All","Random"
"cs",0.206,0.015,38,"All","Random"
"eta",0.004,0.002,38,"All","Random"
"C",0.001,0,39,"All","Random"
"cs",0.205,0.015,39,"All","Random"
"eta",0.004,0.002,39,"All","Random"
"C",0.001,0,40,"All","Random"
"cs",0.207,0.014,40,"All","Random"
"eta",0.004,0.002,40,"All","Random"
"C",0.001,0,41,"All","Random"
"cs",0.206,0.014,41,"All","Random"
"eta",0.004,0.001,41,"All","Random"
"C",0.001,0,42,"All","Random"
"cs",0.207,0.014,42,"All","Random"
"eta",0.004,0.001,42,"All","Random"
"C",0.001,0,43,"All","Random"
"cs",0.206,0.014,43,"All","Random"
"eta",0.004,0.001,43,"All","Random"
"C",0.001,0,44,"All","Random"
"cs",0.207,0.014,44,"All","Random"
"eta",0.004,0.001,44,"All","Random"
"C",0.001,0,45,"All","Random"
"cs",0.206,0.014,45,"All","Random"
"eta",0.004,0.001,45,"All","Random"
"C",0.001,0,46,"All","Random"
"cs",0.205,0.012,46,"All","Random"
"eta",0.004,0.001,46,"All","Random"
"C",0.001,0,47,"All","Random"
"cs",0.201,0.013,47,"All","Random"
"eta",0.003,0.001,47,"All","Random"
"C",0.001,0,48,"All","Random"
"cs",0.206,0.012,48,"All","Random"
"eta",0.004,0.001,48,"All","Random"
"C",0.001,0,49,"All","Random"
"cs",0.206,0.012,49,"All","Random"
"eta",0.004,0.001,49,"All","Random"
"C",0.001,0,50,"All","Random"
"cs",0.205,0.013,50,"All","Random"
"eta",0.004,0.001,50,"All","Random"
"C",0.001,0,51,"All","Random"
"cs",0.206,0.011,51,"All","Random"
"eta",0.004,0.001,51,"All","Random"
"C",0.001,0,52,"All","Random"
"cs",0.206,0.012,52,"All","Random"
"eta",0.004,0.001,52,"All","Random"
"C",0.001,0,53,"All","Random"
"cs",0.206,0.012,53,"All","Random"
"eta",0.004,0.001,53,"All","Random"
"C",0.001,0,54,"All","Random"
"cs",0.205,0.012,54,"All","Random"
"eta",0.004,0.001,54,"All","Random"
"C",0.001,0,55,"All","Random"
"cs",0.206,0.011,55,"All","Random"
"eta",0.004,0.001,55,"All","Random"
"C",0.001,0,56,"All","Random"
"cs",0.205,0.011,56,"All","Random"
"eta",0.004,0.001,56,"All","Random"
"C",0.001,0,57,"All","Random"
"cs",0.205,0.012,57,"All","Random"
"eta",0.004,0.001,57,"All","Random"
"C",0.001,0,58,"All","Random"
"cs",0.206,0.01,58,"All","Random"
"eta",0.004,0.001,58,"All","Random"
"C",0.001,0,59,"All","Random"
"cs",0.202,0.01,59,"All","Random"
"eta",0.004,0.001,59,"All","Random"
"C",0.001,0,60,"All","Random"
"cs",0.208,0.01,60,"All","Random"
"eta",0.004,0.001,60,"All","Random"
"C",0.001,0,61,"All","Random"
"cs",0.206,0.01,61,"All","Random"
"eta",0.004,0.001,61,"All","Random"
"C",0.001,0,62,"All","Random"
"cs",0.206,0.009,62,"All","Random"
"eta",0.004,0.001,62,"All","Random"
"C",0.001,0,63,"All","Random"
"cs",0.206,0.009,63,"All","Random"
"eta",0.004,0.001,63,"All","Random"
"C",0.001,0,64,"All","Random"
"cs",0.207,0.01,64,"All","Random"
"eta",0.004,0.001,64,"All","Random"
"C",0.001,0,65,"All","Random"
"cs",0.206,0.009,65,"All","Random"
"eta",0.004,0.001,65,"All","Random"
"C",0.001,0,66,"All","Random"
"cs",0.206,0.009,66,"All","Random"
"eta",0.004,0.001,66,"All","Random"
"C",0.001,0,67,"All","Random"
"cs",0.207,0.009,67,"All","Random"
"eta",0.004,0.001,67,"All","Random"
"C",0.001,0,68,"All","Random"
"cs",0.207,0.008,68,"All","Random"
"eta",0.004,0.001,68,"All","Random"
"C",0.001,0,69,"All","Random"
"cs",0.206,0.008,69,"All","Random"
"eta",0.004,0.001,69,"All","Random"
"C",0.001,0,70,"All","Random"
"cs",0.206,0.008,70,"All","Random"
"eta",0.004,0.001,70,"All","Random"
"C",0.001,0,71,"All","Random"
"cs",0.207,0.008,71,"All","Random"
"eta",0.004,0.001,71,"All","Random"
"C",0.001,0,72,"All","Random"
"cs",0.207,0.008,72,"All","Random"
"eta",0.004,0.001,72,"All","Random"
"C",0.001,0,73,"All","Random"
"cs",0.207,0.007,73,"All","Random"
"eta",0.004,0.001,73,"All","Random"
"C",0.001,0,74,"All","Random"
"cs",0.206,0.008,74,"All","Random"
"eta",0.004,0.001,74,"All","Random"
"C",0.001,0,75,"All","Random"
"cs",0.206,0.007,75,"All","Random"
"eta",0.004,0.001,75,"All","Random"
"C",0.001,0,76,"All","Random"
"cs",0.206,0.006,76,"All","Random"
"eta",0.004,0.001,76,"All","Random"
"C",0.001,0,77,"All","Random"
"cs",0.207,0.007,77,"All","Random"
"eta",0.004,0.001,77,"All","Random"
"C",0.001,0,78,"All","Random"
"cs",0.206,0.007,78,"All","Random"
"eta",0.004,0.001,78,"All","Random"
"C",0.001,0,79,"All","Random"
"cs",0.206,0.007,79,"All","Random"
"eta",0.004,0.001,79,"All","Random"
"C",0.001,0,80,"All","Random"
"cs",0.207,0.006,80,"All","Random"
"eta",0.004,0.001,80,"All","Random"
"C",0.001,0,81,"All","Random"
"cs",0.207,0.006,81,"All","Random"
"eta",0.004,0.001,81,"All","Random"
"C",0.001,0,82,"All","Random"
"cs",0.207,0.006,82,"All","Random"
"eta",0.004,0.001,82,"All","Random"
"C",0.001,0,83,"All","Random"
"cs",0.206,0.006,83,"All","Random"
"eta",0.004,0.001,83,"All","Random"
"C",0.001,0,84,"All","Random"
"cs",0.206,0.006,84,"All","Random"
"eta",0.004,0.001,84,"All","Random"
"C",0.001,0,85,"All","Random"
"cs",0.205,0.006,85,"All","Random"
"eta",0.004,0.001,85,"All","Random"
"C",0.001,0,86,"All","Random"
"cs",0.206,0.006,86,"All","Random"
"eta",0.004,0.001,86,"All","Random"
"C",0.001,0,87,"All","Random"
"cs",0.206,0.005,87,"All","Random"
"eta",0.004,0.001,87,"All","Random"
"C",0.001,0,88,"All","Random"
"cs",0.206,0.005,88,"All","Random"
"eta",0.004,0.001,88,"All","Random"
"C",0.001,0,89,"All","Random"
"cs",0.207,0.005,89,"All","Random"
"eta",0.004,0.001,89,"All","Random"
"C",0.001,0,90,"All","Random"
"cs",0.206,0.005,90,"All","Random"
"eta",0.004,0.001,90,"All","Random"
"C",0.001,0,91,"All","Random"
"cs",0.206,0.005,91,"All","Random"
"eta",0.004,0,91,"All","Random"
"C",0.001,0,92,"All","Random"
"cs",0.206,0.005,92,"All","Random"
"eta",0.004,0.001,92,"All","Random"
"C",0.001,0,93,"All","Random"
"cs",0.207,0.004,93,"All","Random"
"eta",0.004,0,93,"All","Random"
"C",0.001,0,94,"All","Random"
"cs",0.206,0.004,94,"All","Random"
"eta",0.004,0,94,"All","Random"
"C",0.001,0,95,"All","Random"
"cs",0.206,0.004,95,"All","Random"
"eta",0.004,0,95,"All","Random"
"C",0.001,0,96,"All","Random"
"cs",0.205,0.004,96,"All","Random"
"eta",0.004,0,96,"All","Random"
"C",0.001,0,97,"All","Random"
"cs",0.206,0.004,97,"All","Random"
"eta",0.004,0,97,"All","Random"
"C",0.001,0,98,"All","Random"
"cs",0.207,0.003,98,"All","Random"
"eta",0.004,0,98,"All","Random"
"C",0.001,0,99,"All","Random"
"cs",0.207,0.003,99,"All","Random"
"eta",0.004,0,99,"All","Random"
"C",0.001,0,100,"All","Random"
"cs",0.206,0.003,100,"All","Random"
"eta",0.004,0,100,"All","Random"
"C",0.001,0,101,"All","Random"
"cs",0.206,0.003,101,"All","Random"
"eta",0.004,0,101,"All","Random"
"C",0.001,0,102,"All","Random"
"cs",0.206,0.003,102,"All","Random"
"eta",0.004,0,102,"All","Random"
"C",0.001,0,103,"All","Random"
"cs",0.206,0.002,103,"All","Random"
"eta",0.004,0,103,"All","Random"
"C",0.001,0,104,"All","Random"
"cs",0.206,0.002,104,"All","Random"
"eta",0.004,0,104,"All","Random"
"C",0.001,0,105,"All","Random"
"cs",0.206,0.002,105,"All","Random"
"eta",0.004,0,105,"All","Random"
"C",0.001,0,106,"All","Random"
"cs",0.206,0.002,106,"All","Random"
"eta",0.004,0,106,"All","Random"
"C",0.001,0,107,"All","Random"
"cs",0.206,0.001,107,"All","Random"
"eta",0.004,0,107,"All","Random"
"C",0.001,0,108,"All","Random"
"cs",0.206,0,108,"All","Random"
"eta",0.004,0,108,"All","Random"
